issue_type,path,details
name/content mismatch,SYMBOLIC_TREE_MAP.md,
name/content mismatch,FOLDER_CATALOG_FINAL.md,
name/content mismatch,THR_SYSTEM_CORE.md,
name/content mismatch,walk_compare.py,
name/content mismatch,THREAD_PROJECT_CROSSWALK.md,
name/content mismatch,; RE•GE•OS ; RG•01 ;.zip!; REΓÇóGEΓÇóOS ; RGΓÇó01 ;/AAW_CORE_10 ΓÇö GENEALOGY ENGINE.md,
name/content mismatch,; RE•GE•OS ; RG•01 ;.zip!; REΓÇóGEΓÇóOS ; RGΓÇó01 ;/AAW_CORE_11 ΓÇö FAILURE STUDY CHAMBER.md,
name/content mismatch,; RE•GE•OS ; RG•01 ;.zip!; REΓÇóGEΓÇóOS ; RGΓÇó01 ;/RE-GE_ORG_BODY_09_ECHO_SHELL.md,
name/content mismatch,; RE•GE•OS ; RG•01 ;.zip!; REΓÇóGEΓÇóOS ; RGΓÇó01 ;/RE-GE_ORG_BODY_05_RITUAL_COURT.md,
name/content mismatch,; RE•GE•OS ; RG•01 ;.zip!; REΓÇóGEΓÇóOS ; RGΓÇó01 ;/RE-GE_ORG_BODY_06_CODE_FORGE.md,
name/content mismatch,; RE•GE•OS ; RG•01 ;.zip!; REΓÇóGEΓÇóOS ; RGΓÇó01 ;/RE-GE_4NTHOLOGY_INIT.v1.0.md,
name/content mismatch,; RE•GE•OS ; RG•01 ;.zip!; REΓÇóGEΓÇóOS ; RGΓÇó01 ;/RE-GE_ORG_BODY_03_MYTHIC_SENATE.md,
name/content mismatch,; RE•GE•OS ; RG•01 ;.zip!; REΓÇóGEΓÇóOS ; RGΓÇó01 ;/RE-GE_ORG_BODY_19_PROCESS_PRODUCT_CONV.md,
name/content mismatch,; RE•GE•OS ; RG•01 ;.zip!; REΓÇóGEΓÇóOS ; RGΓÇó01 ;/RE-GE_ORG_BODY_02_MIRROR_CABINET.md,
name/content mismatch,; RE•GE•OS ; RG•01 ;.zip!; REΓÇóGEΓÇóOS ; RGΓÇó01 ;/RE-GE_ORG_BODY_22_PUBLISHING_TEMPLE.md,
name/content mismatch,; RE•GE•OS ; RG•01 ;.zip!; REΓÇóGEΓÇóOS ; RGΓÇó01 ;/RE-GE_ORG_BODY_15_AUDIENCE_ENGINE.md,
name/content mismatch,; RE•GE•OS ; RG•01 ;.zip!; REΓÇóGEΓÇóOS ; RGΓÇó01 ;/RE-GE_ORG_BODY_18_ANALOG_DIGITAL_ENGIN.md,
name/content mismatch,; RE•GE•OS ; RG•01 ;.zip!; REΓÇóGEΓÇóOS ; RGΓÇó01 ;/RE-GE_ORG_BODY_14_PROCESS_MONETIZER.md,
name/content mismatch,; RE•GE•OS ; RG•01 ;.zip!; REΓÇóGEΓÇóOS ; RGΓÇó01 ;/RE-GE_RECURSIVE_SYSTEM_RENDER_LINKMAP.md,
name/content mismatch,; RE•GE•OS ; RG•01 ;.zip!; REΓÇóGEΓÇóOS ; RGΓÇó01 ;/RE-GE_ORG_BODY_10_DREAM_COUNCIL.md,
name/content mismatch,; RE•GE•OS ; RG•01 ;.zip!; REΓÇóGEΓÇóOS ; RGΓÇó01 ;/RE-GE_ORG_BODY_12_CHAMBER_OF_COMMERCE.md,
name/content mismatch,; RE•GE•OS ; RG•01 ;.zip!; REΓÇóGEΓÇóOS ; RGΓÇó01 ;/AAW_CORE_08 ΓÇö CANONIZATION ENGINE.md,
name/content mismatch,; RE•GE•OS ; RG•01 ;.zip!; REΓÇóGEΓÇóOS ; RGΓÇó01 ;/RE-GE_ORG_BODY_00_ACADEMIA_WING_PROTOCOL.md,
name/content mismatch,; RE•GE•OS ; RG•01 ;.zip!; REΓÇóGEΓÇóOS ; RGΓÇó01 ;/AAW_CORE_12 ΓÇö MYTHICAL CITATION SYSTEM.md,
name/content mismatch,; RE•GE•OS ; RG•01 ;.zip!; REΓÇóGEΓÇóOS ; RGΓÇó01 ;/RE-GE_ORG_BODY_20_CONSUMPTION_PROTOCOL.md,
name/content mismatch,; RE•GE•OS ; RG•01 ;.zip!; REΓÇóGEΓÇóOS ; RGΓÇó01 ;/RE-GE_ORG_BODY_01_HEART_OF_CANON.md,
name/content mismatch,ChatGPT-Merge Project Folders.md,
name/content mismatch,FINAL_FOLDER_COLLAPSE_SNAPSHOT.csv,
name/content mismatch,FOLDER_COLLAPSE_PLANNER.csv,
name/content mismatch,CHANGELOG.md,
name/content mismatch,NAME_STRUCTURE_OVERVIEW.md,
name/content mismatch,THREAD_PROJECT_CROSSWALK_TAGGED.md,
name/content mismatch,GPT_PROJECTS_ARCHIVE.md,
name/content mismatch,Ponyo_&_The-Little-Mermaid_Comparative-Reflection-Worksheet.md,
name/content mismatch,README.md,
name/content mismatch,vault_state.md,
name/content mismatch,folder_map.md,
name/content mismatch,README_NOTES.zip!rege_os.md,
name/content mismatch,README_NOTES.zip!abloom.md,
name/content mismatch,README_NOTES.zip!met4morf_os.md,
name/content mismatch,README_NOTES.zip!etceter4.md,
name/content mismatch,README_NOTES.zip!qvv33r.md,
name/content mismatch,README_NOTES.zip!gr1nd3r.md,
name/content mismatch,README_NOTES.zip!canon_timeline.md,
name/content mismatch,README_NOTES.zip!char_engine.md,
name/content mismatch,README_NOTES.zip!theory_crit.md,
name/content mismatch,README_NOTES.zip!intr4_z0ne.md,
name/content mismatch,README_NOTES.zip!pr0j_br4nds.md,
name/content mismatch,README_NOTES.zip!mirror.md,
name/content mismatch,README_NOTES.zip!4rkl1v.md,
name/content mismatch,README_NOTES.zip!tr4nsmvt3.md,
name/content mismatch,README_NOTES.zip!hydr4.md,
name/content mismatch,__VAULT_GUIDE__.md,
name/content mismatch,THREAD_PROJECT_CROSSWALK_FINAL.csv,
name/content mismatch,ChatGPT-Disable Canvas Tool.md,
name/content mismatch,C0D3_INJ3CT_D4V1D_CORE.v2.5_4RCH1V4L_M0D3.md,
name/content mismatch,FOLDER_CATALOG_FINAL.csv,
name/content mismatch,.trash/ARCHIVAL_ST4CK_PROJECTS.md,
name/content mismatch,.trash/Untitled 4.md,
name/content mismatch,.trash/Merge Project Folders.md,
name/content mismatch,.trash/Untitled 2.md,
name/content mismatch,.trash/R3..G3..[0 _  S    ]  [/RE-GE_ORG_BODY_09_ECHO_SHELL.md,
name/content mismatch,.trash/R3..G3..[0 _  S    ]  [/RE-GE_ORG_BODY_20_CONSUMPTION_PROTOCOL.md,
name/content mismatch,.trash/R3..G3..[0 _  S    ]  [/RE-GE_ORG_BODY_19_PROCESS_PRODUCT_CONV.md,
name/content mismatch,.trash/R3..G3..[0 _  S    ]  [/RE-GE_ORG_BODY_15_AUDIENCE_ENGINE.md,
name/content mismatch,.trash/R3..G3..[0 _  S    ]  [/RE-GE_ORG_BODY_03_MYTHIC_SENATE.md,
name/content mismatch,.trash/R3..G3..[0 _  S    ]  [/RE-GE_ORG_BODY_10_DREAM_COUNCIL.md,
name/content mismatch,.trash/R3..G3..[0 _  S    ]  [/AAW_CORE_08 — CANONIZATION ENGINE.md,
name/content mismatch,.trash/R3..G3..[0 _  S    ]  [/RE-GE_ORG_BODY_18_ANALOG_DIGITAL_ENGIN.md,
name/content mismatch,.trash/R3..G3..[0 _  S    ]  [/RE-GE_ORG_BODY_14_PROCESS_MONETIZER.md,
name/content mismatch,.trash/R3..G3..[0 _  S    ]  [/AAW_CORE_10 — GENEALOGY ENGINE.md,
name/content mismatch,.trash/R3..G3..[0 _  S    ]  [/RE-GE_4NTHOLOGY_INIT.v1.0.md,
name/content mismatch,.trash/R3..G3..[0 _  S    ]  [/RE-GE_ORG_BODY_06_CODE_FORGE.md,
name/content mismatch,.trash/R3..G3..[0 _  S    ]  [/RE-GE_ORG_BODY_00_ACADEMIA_WING_PROTOCOL.md,
name/content mismatch,.trash/R3..G3..[0 _  S    ]  [/RE-GE_ORG_BODY_22_PUBLISHING_TEMPLE.md,
name/content mismatch,.trash/R3..G3..[0 _  S    ]  [/AAW_CORE_12 — MYTHICAL CITATION SYSTEM.md,
name/content mismatch,.trash/R3..G3..[0 _  S    ]  [/RE-GE_ORG_BODY_02_MIRROR_CABINET.md,
name/content mismatch,.trash/R3..G3..[0 _  S    ]  [/RE-GE_RECURSIVE_SYSTEM_RENDER_LINKMAP.md,
name/content mismatch,.trash/R3..G3..[0 _  S    ]  [/RE-GE_ORG_BODY_05_RITUAL_COURT.md,
name/content mismatch,.trash/R3..G3..[0 _  S    ]  [/RE-GE_ORG_BODY_01_HEART_OF_CANON.md,
name/content mismatch,.trash/R3..G3..[0 _  S    ]  [/RE-GE_ORG_BODY_12_CHAMBER_OF_COMMERCE.md,
name/content mismatch,.trash/R3..G3..[0 _  S    ]  [/AAW_CORE_11 — FAILURE STUDY CHAMBER.md,
name/content mismatch,.trash/R3..G3..[0 _  S    ]  [/.space/context.mdb,
name/content mismatch,.makemd/superstate.mdc,
name/content mismatch,.git/index,
name/content mismatch,.git/COMMIT_EDITMSG,
name/content mismatch,.git/objects/pack/pack-43e08593df3bbeb458de3c2e0584249ce5d85a8c.pack,
name/content mismatch,.git/logs/HEAD,
name/content mismatch,.git/logs/refs/heads/work,
name/content mismatch,.obsidian/plugins/templater-obsidian/main.js,
name/content mismatch,.obsidian/plugins/recent-files-obsidian/data.json,
name/content mismatch,.obsidian/plugins/obsidian-excalidraw-plugin/main.js,
name/content mismatch,.obsidian/plugins/obsidian-linter/main.js,
name/content mismatch,.obsidian/plugins/obsidian-textgenerator-plugin/main.js,
name/content mismatch,.obsidian/plugins/obsidian-textgenerator-plugin/data.json,
name/content mismatch,.obsidian/plugins/obsidian-git/main.js,
name/content mismatch,.obsidian/plugins/file-explorer-note-count/main.js,
name/content mismatch,.obsidian/plugins/obsidian-mind-map/main.js,
name/content mismatch,.obsidian/plugins/obsidian-projects/main.js,
name/content mismatch,.obsidian/plugins/text-extractor/main.js,
name/content mismatch,.obsidian/plugins/obsidian-icon-folder/main.js,
name/content mismatch,.obsidian/plugins/obsidian42-brat/main.js,
name/content mismatch,.obsidian/plugins/smart-connections/main.js,
name/content mismatch,.obsidian/plugins/obsidian-tasks-plugin/main.js,
name/content mismatch,.obsidian/plugins/periodic-notes/main.js,
name/content mismatch,.obsidian/plugins/quickadd/main.js,
name/content mismatch,.obsidian/plugins/obsidian-importer/main.js,
name/content mismatch,.obsidian/plugins/editing-toolbar/main.js,
name/content mismatch,.obsidian/plugins/make-md/Spaces.mdb,
name/content mismatch,.obsidian/plugins/make-md/main.js,
name/content mismatch,.obsidian/plugins/copilot/main.js,
name/content mismatch,.obsidian/plugins/omnisearch/main.js,
name/content mismatch,.obsidian/plugins/highlightr-plugin/main.js,
name/content mismatch,.obsidian/plugins/obsidian-annotator/main.js,
name/content mismatch,.obsidian/plugins/table-editor-obsidian/main.js,
name/content mismatch,.obsidian/plugins/homepage/main.js,
name/content mismatch,.obsidian/plugins/obsidian-kanban/main.js,
name/content mismatch,.obsidian/plugins/dataview/main.js,
name/content mismatch,.obsidian/plugins/tag-wrangler/main.js,
name/content mismatch,.obsidian/plugins/obsidian-style-settings/main.js,
name/content mismatch,ARCHIVAL_STACK/PR17_THREAD_DIGEST.md,
name/content mismatch,ARCHIVAL_STACK/THREADS_REVIEW_REQUIRED.md,
name/content mismatch,ARCHIVAL_STACK/PR02_THREAD_DIGEST.md,
name/content mismatch,ARCHIVAL_STACK/PR05_THREAD_DIGEST.md,
name/content mismatch,ARCHIVAL_STACK/PR12_THREAD_DIGEST.md,
name/content mismatch,ARCHIVAL_STACK/PR08_THREAD_DIGEST.md,
name/content mismatch,ARCHIVAL_STACK/PR11_THREAD_DIGEST.md,
name/content mismatch,; RE•GE•OS ; RG•01 ;/RE-GE_ORG_BODY_09_ECHO_SHELL.md,
name/content mismatch,; RE•GE•OS ; RG•01 ;/RE-GE_ORG_BODY_20_CONSUMPTION_PROTOCOL.md,
name/content mismatch,; RE•GE•OS ; RG•01 ;/RE-GE_ORG_BODY_19_PROCESS_PRODUCT_CONV.md,
name/content mismatch,; RE•GE•OS ; RG•01 ;/RE-GE_ORG_BODY_15_AUDIENCE_ENGINE.md,
name/content mismatch,; RE•GE•OS ; RG•01 ;/RE-GE_ORG_BODY_03_MYTHIC_SENATE.md,
name/content mismatch,; RE•GE•OS ; RG•01 ;/RE-GE_ORG_BODY_10_DREAM_COUNCIL.md,
name/content mismatch,; RE•GE•OS ; RG•01 ;/AAW_CORE_08 — CANONIZATION ENGINE.md,
name/content mismatch,; RE•GE•OS ; RG•01 ;/RE-GE_ORG_BODY_18_ANALOG_DIGITAL_ENGIN.md,
name/content mismatch,; RE•GE•OS ; RG•01 ;/RE-GE_ORG_BODY_14_PROCESS_MONETIZER.md,
name/content mismatch,; RE•GE•OS ; RG•01 ;/AAW_CORE_10 — GENEALOGY ENGINE.md,
name/content mismatch,; RE•GE•OS ; RG•01 ;/RE-GE_4NTHOLOGY_INIT.v1.0.md,
name/content mismatch,; RE•GE•OS ; RG•01 ;/RE-GE_ORG_BODY_06_CODE_FORGE.md,
name/content mismatch,; RE•GE•OS ; RG•01 ;/RE-GE_ORG_BODY_00_ACADEMIA_WING_PROTOCOL.md,
name/content mismatch,; RE•GE•OS ; RG•01 ;/RE-GE_ORG_BODY_22_PUBLISHING_TEMPLE.md,
name/content mismatch,; RE•GE•OS ; RG•01 ;/AAW_CORE_12 — MYTHICAL CITATION SYSTEM.md,
name/content mismatch,; RE•GE•OS ; RG•01 ;/RE-GE_ORG_BODY_02_MIRROR_CABINET.md,
name/content mismatch,; RE•GE•OS ; RG•01 ;/RE-GE_RECURSIVE_SYSTEM_RENDER_LINKMAP.md,
name/content mismatch,; RE•GE•OS ; RG•01 ;/RE-GE_ORG_BODY_05_RITUAL_COURT.md,
name/content mismatch,; RE•GE•OS ; RG•01 ;/RE-GE_ORG_BODY_01_HEART_OF_CANON.md,
name/content mismatch,; RE•GE•OS ; RG•01 ;/RE-GE_ORG_BODY_12_CHAMBER_OF_COMMERCE.md,
name/content mismatch,; RE•GE•OS ; RG•01 ;/AAW_CORE_11 — FAILURE STUDY CHAMBER.md,
name/content mismatch,__pycache__/walk_compare.cpython-311.pyc,
duplicate,Untitled 1.canvas,same as Untitled.canvas
duplicate,.trash/R3..G3..[0 _  S    ]  [/RE-GE_ORG_BODY_13_BLOCKCHAIN_ECONOMY.md,same as ; RE•GE•OS ; RG•01 ;.zip!; REΓÇóGEΓÇóOS ; RGΓÇó01 ;/RE-GE_ORG_BODY_13_BLOCKCHAIN_ECONOMY.md
duplicate,; RE•GE•OS ; RG•01 ;/RE-GE_ORG_BODY_13_BLOCKCHAIN_ECONOMY.md,same as ; RE•GE•OS ; RG•01 ;.zip!; REΓÇóGEΓÇóOS ; RGΓÇó01 ;/RE-GE_ORG_BODY_13_BLOCKCHAIN_ECONOMY.md
duplicate,.trash/R3..G3..[0 _  S    ]  [/AAW_CORE_10 — GENEALOGY ENGINE.md,same as ; RE•GE•OS ; RG•01 ;.zip!; REΓÇóGEΓÇóOS ; RGΓÇó01 ;/AAW_CORE_10 ΓÇö GENEALOGY ENGINE.md
duplicate,; RE•GE•OS ; RG•01 ;/AAW_CORE_10 — GENEALOGY ENGINE.md,same as ; RE•GE•OS ; RG•01 ;.zip!; REΓÇóGEΓÇóOS ; RGΓÇó01 ;/AAW_CORE_10 ΓÇö GENEALOGY ENGINE.md
duplicate,.trash/R3..G3..[0 _  S    ]  [/RE-GE_ORG_BODY_11_MASK_ENGINE.md,same as ; RE•GE•OS ; RG•01 ;.zip!; REΓÇóGEΓÇóOS ; RGΓÇó01 ;/RE-GE_ORG_BODY_11_MASK_ENGINE.md
duplicate,; RE•GE•OS ; RG•01 ;/RE-GE_ORG_BODY_11_MASK_ENGINE.md,same as ; RE•GE•OS ; RG•01 ;.zip!; REΓÇóGEΓÇóOS ; RGΓÇó01 ;/RE-GE_ORG_BODY_11_MASK_ENGINE.md
duplicate,.trash/R3..G3..[0 _  S    ]  [/RE-GE_ORG_BODY_04_ARCHIVE_ORDER.md,same as ; RE•GE•OS ; RG•01 ;.zip!; REΓÇóGEΓÇóOS ; RGΓÇó01 ;/RE-GE_ORG_BODY_04_ARCHIVE_ORDER.md
duplicate,; RE•GE•OS ; RG•01 ;/RE-GE_ORG_BODY_04_ARCHIVE_ORDER.md,same as ; RE•GE•OS ; RG•01 ;.zip!; REΓÇóGEΓÇóOS ; RGΓÇó01 ;/RE-GE_ORG_BODY_04_ARCHIVE_ORDER.md
duplicate,.trash/R3..G3..[0 _  S    ]  [/AAW_CORE_11 — FAILURE STUDY CHAMBER.md,same as ; RE•GE•OS ; RG•01 ;.zip!; REΓÇóGEΓÇóOS ; RGΓÇó01 ;/AAW_CORE_11 ΓÇö FAILURE STUDY CHAMBER.md
duplicate,; RE•GE•OS ; RG•01 ;/AAW_CORE_11 — FAILURE STUDY CHAMBER.md,same as ; RE•GE•OS ; RG•01 ;.zip!; REΓÇóGEΓÇóOS ; RGΓÇó01 ;/AAW_CORE_11 ΓÇö FAILURE STUDY CHAMBER.md
duplicate,.trash/R3..G3..[0 _  S    ]  [/RE-GE_ORG_BODY_09_ECHO_SHELL.md,same as ; RE•GE•OS ; RG•01 ;.zip!; REΓÇóGEΓÇóOS ; RGΓÇó01 ;/RE-GE_ORG_BODY_09_ECHO_SHELL.md
duplicate,; RE•GE•OS ; RG•01 ;/RE-GE_ORG_BODY_09_ECHO_SHELL.md,same as ; RE•GE•OS ; RG•01 ;.zip!; REΓÇóGEΓÇóOS ; RGΓÇó01 ;/RE-GE_ORG_BODY_09_ECHO_SHELL.md
duplicate,.trash/R3..G3..[0 _  S    ]  [/RE-GE_ORG_BODY_05_RITUAL_COURT.md,same as ; RE•GE•OS ; RG•01 ;.zip!; REΓÇóGEΓÇóOS ; RGΓÇó01 ;/RE-GE_ORG_BODY_05_RITUAL_COURT.md
duplicate,; RE•GE•OS ; RG•01 ;/RE-GE_ORG_BODY_05_RITUAL_COURT.md,same as ; RE•GE•OS ; RG•01 ;.zip!; REΓÇóGEΓÇóOS ; RGΓÇó01 ;/RE-GE_ORG_BODY_05_RITUAL_COURT.md
duplicate,.trash/R3..G3..[0 _  S    ]  [/RE-GE_ORG_BODY_21_STAGECRAFT_MODULE.md,same as ; RE•GE•OS ; RG•01 ;.zip!; REΓÇóGEΓÇóOS ; RGΓÇó01 ;/RE-GE_ORG_BODY_21_STAGECRAFT_MODULE.md
duplicate,; RE•GE•OS ; RG•01 ;/RE-GE_ORG_BODY_21_STAGECRAFT_MODULE.md,same as ; RE•GE•OS ; RG•01 ;.zip!; REΓÇóGEΓÇóOS ; RGΓÇó01 ;/RE-GE_ORG_BODY_21_STAGECRAFT_MODULE.md
duplicate,.trash/R3..G3..[0 _  S    ]  [/RE-GE_ORG_BODY_06_CODE_FORGE.md,same as ; RE•GE•OS ; RG•01 ;.zip!; REΓÇóGEΓÇóOS ; RGΓÇó01 ;/RE-GE_ORG_BODY_06_CODE_FORGE.md
duplicate,; RE•GE•OS ; RG•01 ;/RE-GE_ORG_BODY_06_CODE_FORGE.md,same as ; RE•GE•OS ; RG•01 ;.zip!; REΓÇóGEΓÇóOS ; RGΓÇó01 ;/RE-GE_ORG_BODY_06_CODE_FORGE.md
duplicate,.trash/R3..G3..[0 _  S    ]  [/RE-GE_ORG_BODY_17_TIME_RULES_ENGINE.md,same as ; RE•GE•OS ; RG•01 ;.zip!; REΓÇóGEΓÇóOS ; RGΓÇó01 ;/RE-GE_ORG_BODY_17_TIME_RULES_ENGINE.md
duplicate,; RE•GE•OS ; RG•01 ;/RE-GE_ORG_BODY_17_TIME_RULES_ENGINE.md,same as ; RE•GE•OS ; RG•01 ;.zip!; REΓÇóGEΓÇóOS ; RGΓÇó01 ;/RE-GE_ORG_BODY_17_TIME_RULES_ENGINE.md
duplicate,.trash/R3..G3..[0 _  S    ]  [/....R3..G3..[0 _  S    ]  [.md,same as ; RE•GE•OS ; RG•01 ;.zip!; REΓÇóGEΓÇóOS ; RGΓÇó01 ;/R3..G3..[  0__S  ].md
duplicate,; RE•GE•OS ; RG•01 ;/R3..G3..[  0__S  ].md,same as ; RE•GE•OS ; RG•01 ;.zip!; REΓÇóGEΓÇóOS ; RGΓÇó01 ;/R3..G3..[  0__S  ].md
duplicate,.trash/R3..G3..[0 _  S    ]  [/RE-GE_4NTHOLOGY_INIT.v1.0.md,same as ; RE•GE•OS ; RG•01 ;.zip!; REΓÇóGEΓÇóOS ; RGΓÇó01 ;/RE-GE_4NTHOLOGY_INIT.v1.0.md
duplicate,; RE•GE•OS ; RG•01 ;/RE-GE_4NTHOLOGY_INIT.v1.0.md,same as ; RE•GE•OS ; RG•01 ;.zip!; REΓÇóGEΓÇóOS ; RGΓÇó01 ;/RE-GE_4NTHOLOGY_INIT.v1.0.md
duplicate,.trash/R3..G3..[0 _  S    ]  [/RE-GE_ORG_BODY_03_MYTHIC_SENATE.md,same as ; RE•GE•OS ; RG•01 ;.zip!; REΓÇóGEΓÇóOS ; RGΓÇó01 ;/RE-GE_ORG_BODY_03_MYTHIC_SENATE.md
duplicate,; RE•GE•OS ; RG•01 ;/RE-GE_ORG_BODY_03_MYTHIC_SENATE.md,same as ; RE•GE•OS ; RG•01 ;.zip!; REΓÇóGEΓÇóOS ; RGΓÇó01 ;/RE-GE_ORG_BODY_03_MYTHIC_SENATE.md
duplicate,.trash/R3..G3..[0 _  S    ]  [/RE-GE_ORG_BODY_08_SOUL_PATCHBAY.md,same as ; RE•GE•OS ; RG•01 ;.zip!; REΓÇóGEΓÇóOS ; RGΓÇó01 ;/RE-GE_ORG_BODY_08_SOUL_PATCHBAY.md
duplicate,; RE•GE•OS ; RG•01 ;/RE-GE_ORG_BODY_08_SOUL_PATCHBAY.md,same as ; RE•GE•OS ; RG•01 ;.zip!; REΓÇóGEΓÇóOS ; RGΓÇó01 ;/RE-GE_ORG_BODY_08_SOUL_PATCHBAY.md
duplicate,.trash/R3..G3..[0 _  S    ]  [/RE-GE_ORG_BODY_19_PROCESS_PRODUCT_CONV.md,same as ; RE•GE•OS ; RG•01 ;.zip!; REΓÇóGEΓÇóOS ; RGΓÇó01 ;/RE-GE_ORG_BODY_19_PROCESS_PRODUCT_CONV.md
duplicate,; RE•GE•OS ; RG•01 ;/RE-GE_ORG_BODY_19_PROCESS_PRODUCT_CONV.md,same as ; RE•GE•OS ; RG•01 ;.zip!; REΓÇóGEΓÇóOS ; RGΓÇó01 ;/RE-GE_ORG_BODY_19_PROCESS_PRODUCT_CONV.md
duplicate,.trash/R3..G3..[0 _  S    ]  [/RE-GE_ORG_BODY_02_MIRROR_CABINET.md,same as ; RE•GE•OS ; RG•01 ;.zip!; REΓÇóGEΓÇóOS ; RGΓÇó01 ;/RE-GE_ORG_BODY_02_MIRROR_CABINET.md
duplicate,; RE•GE•OS ; RG•01 ;/RE-GE_ORG_BODY_02_MIRROR_CABINET.md,same as ; RE•GE•OS ; RG•01 ;.zip!; REΓÇóGEΓÇóOS ; RGΓÇó01 ;/RE-GE_ORG_BODY_02_MIRROR_CABINET.md
duplicate,.trash/R3..G3..[0 _  S    ]  [/AAW_CORE_09 — INTERLOCUTOR PROTOCOLS.md,same as ; RE•GE•OS ; RG•01 ;.zip!; REΓÇóGEΓÇóOS ; RGΓÇó01 ;/AAW_CORE_09 ΓÇö INTERLOCUTOR PROTOCOLS.md
duplicate,; RE•GE•OS ; RG•01 ;/AAW_CORE_09 — INTERLOCUTOR PROTOCOLS.md,same as ; RE•GE•OS ; RG•01 ;.zip!; REΓÇóGEΓÇóOS ; RGΓÇó01 ;/AAW_CORE_09 ΓÇö INTERLOCUTOR PROTOCOLS.md
duplicate,.trash/R3..G3..[0 _  S    ]  [/RE-GE_ORG_BODY_22_PUBLISHING_TEMPLE.md,same as ; RE•GE•OS ; RG•01 ;.zip!; REΓÇóGEΓÇóOS ; RGΓÇó01 ;/RE-GE_ORG_BODY_22_PUBLISHING_TEMPLE.md
duplicate,; RE•GE•OS ; RG•01 ;/RE-GE_ORG_BODY_22_PUBLISHING_TEMPLE.md,same as ; RE•GE•OS ; RG•01 ;.zip!; REΓÇóGEΓÇóOS ; RGΓÇó01 ;/RE-GE_ORG_BODY_22_PUBLISHING_TEMPLE.md
duplicate,.trash/R3..G3..[0 _  S    ]  [/RE-GE_ORG_BODY_15_AUDIENCE_ENGINE.md,same as ; RE•GE•OS ; RG•01 ;.zip!; REΓÇóGEΓÇóOS ; RGΓÇó01 ;/RE-GE_ORG_BODY_15_AUDIENCE_ENGINE.md
duplicate,; RE•GE•OS ; RG•01 ;/RE-GE_ORG_BODY_15_AUDIENCE_ENGINE.md,same as ; RE•GE•OS ; RG•01 ;.zip!; REΓÇóGEΓÇóOS ; RGΓÇó01 ;/RE-GE_ORG_BODY_15_AUDIENCE_ENGINE.md
duplicate,.trash/R3..G3..[0 _  S    ]  [/RE-GE_ORG_BODY_18_ANALOG_DIGITAL_ENGIN.md,same as ; RE•GE•OS ; RG•01 ;.zip!; REΓÇóGEΓÇóOS ; RGΓÇó01 ;/RE-GE_ORG_BODY_18_ANALOG_DIGITAL_ENGIN.md
duplicate,; RE•GE•OS ; RG•01 ;/RE-GE_ORG_BODY_18_ANALOG_DIGITAL_ENGIN.md,same as ; RE•GE•OS ; RG•01 ;.zip!; REΓÇóGEΓÇóOS ; RGΓÇó01 ;/RE-GE_ORG_BODY_18_ANALOG_DIGITAL_ENGIN.md
duplicate,.trash/R3..G3..[0 _  S    ]  [/RE-GE_ORG_BODY_16_PLACE_PROTOCOLS.md,same as ; RE•GE•OS ; RG•01 ;.zip!; REΓÇóGEΓÇóOS ; RGΓÇó01 ;/RE-GE_ORG_BODY_16_PLACE_PROTOCOLS.md
duplicate,; RE•GE•OS ; RG•01 ;/RE-GE_ORG_BODY_16_PLACE_PROTOCOLS.md,same as ; RE•GE•OS ; RG•01 ;.zip!; REΓÇóGEΓÇóOS ; RGΓÇó01 ;/RE-GE_ORG_BODY_16_PLACE_PROTOCOLS.md
duplicate,.trash/R3..G3..[0 _  S    ]  [/RE-GE_ORG_BODY_14_PROCESS_MONETIZER.md,same as ; RE•GE•OS ; RG•01 ;.zip!; REΓÇóGEΓÇóOS ; RGΓÇó01 ;/RE-GE_ORG_BODY_14_PROCESS_MONETIZER.md
duplicate,; RE•GE•OS ; RG•01 ;/RE-GE_ORG_BODY_14_PROCESS_MONETIZER.md,same as ; RE•GE•OS ; RG•01 ;.zip!; REΓÇóGEΓÇóOS ; RGΓÇó01 ;/RE-GE_ORG_BODY_14_PROCESS_MONETIZER.md
duplicate,.trash/R3..G3..[0 _  S    ]  [/RE-GE_RECURSIVE_SYSTEM_RENDER_LINKMAP.md,same as ; RE•GE•OS ; RG•01 ;.zip!; REΓÇóGEΓÇóOS ; RGΓÇó01 ;/RE-GE_RECURSIVE_SYSTEM_RENDER_LINKMAP.md
duplicate,; RE•GE•OS ; RG•01 ;/RE-GE_RECURSIVE_SYSTEM_RENDER_LINKMAP.md,same as ; RE•GE•OS ; RG•01 ;.zip!; REΓÇóGEΓÇóOS ; RGΓÇó01 ;/RE-GE_RECURSIVE_SYSTEM_RENDER_LINKMAP.md
duplicate,.trash/R3..G3..[0 _  S    ]  [/RE-GE_ORG_BODY_07_BLOOM_ENGINE.md,same as ; RE•GE•OS ; RG•01 ;.zip!; REΓÇóGEΓÇóOS ; RGΓÇó01 ;/RE-GE_ORG_BODY_07_BLOOM_ENGINE.md
duplicate,; RE•GE•OS ; RG•01 ;/RE-GE_ORG_BODY_07_BLOOM_ENGINE.md,same as ; RE•GE•OS ; RG•01 ;.zip!; REΓÇóGEΓÇóOS ; RGΓÇó01 ;/RE-GE_ORG_BODY_07_BLOOM_ENGINE.md
duplicate,.trash/R3..G3..[0 _  S    ]  [/RE-GE_ORG_BODY_10_DREAM_COUNCIL.md,same as ; RE•GE•OS ; RG•01 ;.zip!; REΓÇóGEΓÇóOS ; RGΓÇó01 ;/RE-GE_ORG_BODY_10_DREAM_COUNCIL.md
duplicate,; RE•GE•OS ; RG•01 ;/RE-GE_ORG_BODY_10_DREAM_COUNCIL.md,same as ; RE•GE•OS ; RG•01 ;.zip!; REΓÇóGEΓÇóOS ; RGΓÇó01 ;/RE-GE_ORG_BODY_10_DREAM_COUNCIL.md
duplicate,.trash/R3..G3..[0 _  S    ]  [/RE-GE_ORG_BODY_12_CHAMBER_OF_COMMERCE.md,same as ; RE•GE•OS ; RG•01 ;.zip!; REΓÇóGEΓÇóOS ; RGΓÇó01 ;/RE-GE_ORG_BODY_12_CHAMBER_OF_COMMERCE.md
duplicate,; RE•GE•OS ; RG•01 ;/RE-GE_ORG_BODY_12_CHAMBER_OF_COMMERCE.md,same as ; RE•GE•OS ; RG•01 ;.zip!; REΓÇóGEΓÇóOS ; RGΓÇó01 ;/RE-GE_ORG_BODY_12_CHAMBER_OF_COMMERCE.md
duplicate,; RE•GE•OS ; RG•01 ;/AAW_CORE_08 — CANONIZATION ENGINE.md,same as ; RE•GE•OS ; RG•01 ;.zip!; REΓÇóGEΓÇóOS ; RGΓÇó01 ;/AAW_CORE_08 ΓÇö CANONIZATION ENGINE.md
duplicate,.trash/R3..G3..[0 _  S    ]  [/RE-GE_ORG_BODY_00_ACADEMIA_WING_PROTOCOL.md,same as ; RE•GE•OS ; RG•01 ;.zip!; REΓÇóGEΓÇóOS ; RGΓÇó01 ;/RE-GE_ORG_BODY_00_ACADEMIA_WING_PROTOCOL.md
duplicate,; RE•GE•OS ; RG•01 ;/RE-GE_ORG_BODY_00_ACADEMIA_WING_PROTOCOL.md,same as ; RE•GE•OS ; RG•01 ;.zip!; REΓÇóGEΓÇóOS ; RGΓÇó01 ;/RE-GE_ORG_BODY_00_ACADEMIA_WING_PROTOCOL.md
duplicate,.trash/R3..G3..[0 _  S    ]  [/AAW_CORE_12 — MYTHICAL CITATION SYSTEM.md,same as ; RE•GE•OS ; RG•01 ;.zip!; REΓÇóGEΓÇóOS ; RGΓÇó01 ;/AAW_CORE_12 ΓÇö MYTHICAL CITATION SYSTEM.md
duplicate,; RE•GE•OS ; RG•01 ;/AAW_CORE_12 — MYTHICAL CITATION SYSTEM.md,same as ; RE•GE•OS ; RG•01 ;.zip!; REΓÇóGEΓÇóOS ; RGΓÇó01 ;/AAW_CORE_12 ΓÇö MYTHICAL CITATION SYSTEM.md
duplicate,.trash/R3..G3..[0 _  S    ]  [/RE-GE_OS_INTERFACE_01_RITUAL_ACCESS_CO.md,same as ; RE•GE•OS ; RG•01 ;.zip!; REΓÇóGEΓÇóOS ; RGΓÇó01 ;/RE-GE_OS_INTERFACE_01_RITUAL_ACCESS_CO.md
duplicate,; RE•GE•OS ; RG•01 ;/RE-GE_OS_INTERFACE_01_RITUAL_ACCESS_CO.md,same as ; RE•GE•OS ; RG•01 ;.zip!; REΓÇóGEΓÇóOS ; RGΓÇó01 ;/RE-GE_OS_INTERFACE_01_RITUAL_ACCESS_CO.md
duplicate,.trash/R3..G3..[0 _  S    ]  [/RE-GE_ORG_BODY_20_CONSUMPTION_PROTOCOL.md,same as ; RE•GE•OS ; RG•01 ;.zip!; REΓÇóGEΓÇóOS ; RGΓÇó01 ;/RE-GE_ORG_BODY_20_CONSUMPTION_PROTOCOL.md
duplicate,; RE•GE•OS ; RG•01 ;/RE-GE_ORG_BODY_20_CONSUMPTION_PROTOCOL.md,same as ; RE•GE•OS ; RG•01 ;.zip!; REΓÇóGEΓÇóOS ; RGΓÇó01 ;/RE-GE_ORG_BODY_20_CONSUMPTION_PROTOCOL.md
duplicate,.trash/R3..G3..[0 _  S    ]  [/RE-GE_ORG_BODY_01_HEART_OF_CANON.md,same as ; RE•GE•OS ; RG•01 ;.zip!; REΓÇóGEΓÇóOS ; RGΓÇó01 ;/RE-GE_ORG_BODY_01_HEART_OF_CANON.md
duplicate,; RE•GE•OS ; RG•01 ;/RE-GE_ORG_BODY_01_HEART_OF_CANON.md,same as ; RE•GE•OS ; RG•01 ;.zip!; REΓÇóGEΓÇóOS ; RGΓÇó01 ;/RE-GE_ORG_BODY_01_HEART_OF_CANON.md
duplicate,Vault.md,same as 202505050025.md
duplicate,.trash/Untitled 2 2.md,same as 202505050025.md
duplicate,.trash/Untitled 1.md,same as 202505050025.md
duplicate,.trash/Untitled 3.md,same as 202505050025.md
duplicate,.trash/Untitled.md,same as 202505050025.md
duplicate,.trash/Vault.md,same as 202505050025.md
duplicate,.trash/ajp/ajp.md,same as 202505050025.md
duplicate,; M1R•R0R ; MR•01 ;/; MIR•R0R ; MR•01 ;.md,same as 202505050025.md
duplicate,.trash/Untitled 5.md,same as .trash/Untitled 6.md
duplicate,.space/templates/Note_Template — PF‑B.md,same as .trash/][T3MPl4T3[+][.md
duplicate,.trash/1S .... ST3M[ M4P ]/1S .... ST3M[ M4P ].md,same as .trash/SYST3M__M4P.md
duplicate,.trash/1S ..ST3M[M4P ]  [/....1S ..ST3M[M4P ]  [.md,same as .trash/SYST3M__M4P.md
duplicate,.trash/][ {1S====ST3M[M4P]} ][/][ {1S====ST3M[M4P]} ][.md,same as .trash/][ {1S====ST3M[M4P]} ][.md
duplicate,.trash/ajp/.space/def.json,same as .trash/R3..G3..[0 _  S    ]  [/.space/def.json
duplicate,.trash/][ {@T4G(+)} ][/.space/def.json,same as .trash/R3..G3..[0 _  S    ]  [/.space/def.json
duplicate,.trash/1S ..ST3M[M4P ]  [/.space/def.json,same as .trash/R3..G3..[0 _  S    ]  [/.space/def.json
duplicate,TAGs ; TA•01 ;/TAGs ; TA•01 ;.md,same as .trash/][ {@T4G(+)} ][/][ {@T4G(+)} ][.md
