path,name_matches,content_matches,mismatch,sha256
Ponyo_&_The-Little-Mermaid_Comparative-Reflection-Worksheet.md,,sop,sop,2f51e47d20388295313324462bdaa5bec548757b31b83d2c06ea456905624a84
Untitled.md,,,,1690f3e8dce6e62d1e1358fef6955c6c12cedeaa9efbea80a9ce796594220632
CHANGELOG.md,,protocol;sop;naming;process,naming;process;protocol;sop,1ffd02da51d72bf981472d446f847f9e5dd6ae423517eab6ed132cee21c88973
README_NOTES.zip!rege_os.md,,protocol;naming,naming;protocol,1f1a4f73ba3d0042a69dcc5e65244b35fa04c4614c17285f01f13526a984ebc7
README_NOTES.zip!abloom.md,,sop;naming,naming;sop,a979191cf1d010dbce401d3d29caf6adb87308b1fa47f7dc1bd73ac15f77a1ae
README_NOTES.zip!met4morf_os.md,,naming,naming,47cc246faed451dfa7119fdbeaf925e4e00f1513fc5928351319da9f6acd39a2
README_NOTES.zip!etceter4.md,,naming,naming,c6c3ecbb829bed33d9380eff5f0cdef28b0b9a4a9ce6098a23fd4ed313fe4425
README_NOTES.zip!qvv33r.md,,naming,naming,02eadeba0080fc540148449c1da4a94278badfa1f460e3ac577ef4a45a957e77
README_NOTES.zip!gr1nd3r.md,,naming,naming,4b9352c27451391a20071606ff7a9323b78fea7dc6398e789aacdabb7c46a600
README_NOTES.zip!canon_timeline.md,,naming,naming,97c0f6eea4c913957fba59616ffc12ce7b3631bc7794b7eb34e0f2dce2b3cca6
README_NOTES.zip!char_engine.md,,naming,naming,48441ca64677e1301c0697ff091293f2a55178632ae157683041dbb8576d8982
README_NOTES.zip!theory_crit.md,,naming,naming,ad3c932149f8f67f335a8704b66d6849c01c902bad9b42a07081852b9acd8275
README_NOTES.zip!naming_spells.md,naming,naming,,6acdc9a4716f05f67864ac022bb7daa7b53d3f2cf16243d52552d65ed63e80b1
README_NOTES.zip!intr4_z0ne.md,,naming,naming,2bf4bc48509ab80229aea7c88eee5540e5e373e95fbc724a858f57fe88ee25a6
README_NOTES.zip!pr0j_br4nds.md,,naming,naming,5f70ae6e17c967e19bd358e3df741c33295b0e4106e82b15a3865dc5c78ce628
README_NOTES.zip!mirror.md,,naming,naming,6f53c7aa665ab4da8d845777a86f84a175e2c03fccbb882105edb0b7b34e43b7
README_NOTES.zip!4rkl1v.md,,naming,naming,2ef5d1c678fa1a52f2c9ffebe1513edf00f37b5e367c6597ec258249f9e5db2f
README_NOTES.zip!tr4nsmvt3.md,,naming,naming,f026529ab8b12944e08d9ad64313f11709861aaede244ac10c1fa3eae33108d0
README_NOTES.zip!hydr4.md,,naming,naming,36eb665932fb21082b41c7750570ddebe5507748556274b81144419d68601059
ChatGPT-Merge Project Folders.md,,protocol;sop;naming;process,naming;process;protocol;sop,6eeb5daff277784be6c0e17a5472fa9f4b932c7ba5afeec02c71adaec7f73f86
NAME_STRUCTURE_OVERVIEW.md,,protocol;sop;naming,naming;protocol;sop,ff91865148ea758de7b6c2969f9afc9fac45a9ce0dbc2a2b1d52a1d6c1b455ac
THREAD_PROJECT_CROSSWALK_TAGGED.md,,protocol;sop;naming;process,naming;process;protocol;sop,7e30cb51f33916ace8f158e9e473e8ed897beb816189945ec64872c2337a4013
Untitled 1.canvas,,,,44136fa355b3678a1146ad16f7e8649e94fb4fc21fe77e8310c060f61caaff8a
FOLDER_CATALOG_FINAL.md,,protocol;sop;naming,naming;protocol;sop,8b488ca3dca85cfe9e10c824fb33693748ab6ae60adb2a387e6f546938c49f2c
CHR0N0S_manifest.md,,,,0f244f6e0fb1920c12f098232ea1782a6af0b99fb7ea8f63b0afbc4415cd8e51
walk_compare.py,,protocol;sop;naming;process,naming;process;protocol;sop,c0ec99aeb764f39c81468efd047d6c2de2b1b0d181293967a50c14b58e814be8
Vault.md,,,,e3b0c44298fc1c149afbf4c8996fb92427ae41e4649b934ca495991b7852b855
GPT_PROJECTS_ARCHIVE.md,,sop,sop,473768fc4b21bb5e049dec1bf9e16306358d68f91261e6aebc04d9b39b30de48
ChatGPT-Disable Canvas Tool.md,,protocol;sop;naming;process,naming;process;protocol;sop,5b8996935ebb9c1f42ff7e8b454fb4d25ea699db52d20279acbc0a563e4a698d
.gitattributes,,,,1a1dbe176bc233b499d35a57db7513f2941c99ab9759f177830c9149be99005b
SYSTEM_ROOT_README.md,,,,d77750b94c93c9552a9f109a309633c46c379a6f6fb6d69c50befdde78533cf1
; RE•GE•OS ; RG•01 ;.zip!; REΓÇóGEΓÇóOS ; RGΓÇó01 ;/RE-GE_ORG_BODY_13_BLOCKCHAIN_ECONOMY.md,,,,dd17d41f5fff85ade86583662db3003d8a5607bd4219eb3fe55d2aef0d55ab6a
; RE•GE•OS ; RG•01 ;.zip!; REΓÇóGEΓÇóOS ; RGΓÇó01 ;/AAW_CORE_10 ΓÇö GENEALOGY ENGINE.md,,protocol,protocol,9d790337408b2ec216a17b8cd64b22feb583e109202443fd02e6c6acb06adced
; RE•GE•OS ; RG•01 ;.zip!; REΓÇóGEΓÇóOS ; RGΓÇó01 ;/RE-GE_ORG_BODY_11_MASK_ENGINE.md,,,,2eebdf493e95f58cf3d0b8ae2a150ce8a7fa8e2c289f7d316fe26fe005cde6e1
; RE•GE•OS ; RG•01 ;.zip!; REΓÇóGEΓÇóOS ; RGΓÇó01 ;/RE-GE_ORG_BODY_04_ARCHIVE_ORDER.md,,,,83c44928b5b3d3a47b4e4904ea2442743931b660777b6a7f52912325f12ed0d3
; RE•GE•OS ; RG•01 ;.zip!; REΓÇóGEΓÇóOS ; RGΓÇó01 ;/AAW_CORE_11 ΓÇö FAILURE STUDY CHAMBER.md,,protocol;naming,naming;protocol,71c2e08c396580926d7032a683ab8739303fd4447ca11e6c931afe4ad8cae47d
; RE•GE•OS ; RG•01 ;.zip!; REΓÇóGEΓÇóOS ; RGΓÇó01 ;/RE-GE_ORG_BODY_09_ECHO_SHELL.md,,process,process,f0d526fa50d6e1440a4fb1d088b5657675b65c6f7d9accf4bda5560f4854f71e
; RE•GE•OS ; RG•01 ;.zip!; REΓÇóGEΓÇóOS ; RGΓÇó01 ;/RE-GE_ORG_BODY_05_RITUAL_COURT.md,,sop;process,process;sop,0fc2ab31038afc20d01726b1584ce13eed097c59f9dd3df40e3c2b79953cf698
; RE•GE•OS ; RG•01 ;.zip!; REΓÇóGEΓÇóOS ; RGΓÇó01 ;/RE-GE_ORG_BODY_21_STAGECRAFT_MODULE.md,,,,4ca3d88fcc384dcd7e11367bf81d83f80a59929e855983ca63e966953834382a
; RE•GE•OS ; RG•01 ;.zip!; REΓÇóGEΓÇóOS ; RGΓÇó01 ;/RE-GE_ORG_BODY_06_CODE_FORGE.md,,process,process,027bcd58a00207345bd78f901edf981e27802a63394724596e3fbb6f2b631960
; RE•GE•OS ; RG•01 ;.zip!; REΓÇóGEΓÇóOS ; RGΓÇó01 ;/RE-GE_ORG_BODY_17_TIME_RULES_ENGINE.md,,,,eea6d627e60ae778ab4c77c61b30a284587af6413bff560312e65def75eb0c79
; RE•GE•OS ; RG•01 ;.zip!; REΓÇóGEΓÇóOS ; RGΓÇó01 ;/R3..G3..[  0__S  ].md,,,,61a1f62eaf788da6340ffc1e695eabe87ecbd6927c0cede9c72b942c2bb767a0
; RE•GE•OS ; RG•01 ;.zip!; REΓÇóGEΓÇóOS ; RGΓÇó01 ;/RE-GE_4NTHOLOGY_INIT.v1.0.md,,protocol;naming;process,naming;process;protocol,9059ec8448f507bb2f8b6aafc69cd60d2996cd38eb10d980f8443f39f04095eb
; RE•GE•OS ; RG•01 ;.zip!; REΓÇóGEΓÇóOS ; RGΓÇó01 ;/RE-GE_ORG_BODY_03_MYTHIC_SENATE.md,,protocol;sop;process,process;protocol;sop,8b1afcdf7e65e7e6044940501acc673649bf43d94eb57c89bc2ffaa0c42b54a8
; RE•GE•OS ; RG•01 ;.zip!; REΓÇóGEΓÇóOS ; RGΓÇó01 ;/RE-GE_ORG_BODY_08_SOUL_PATCHBAY.md,,,,688a962dab37fce53767691ab242e31f8282c16954985055744adea5136e09a7
; RE•GE•OS ; RG•01 ;.zip!; REΓÇóGEΓÇóOS ; RGΓÇó01 ;/RE-GE_ORG_BODY_19_PROCESS_PRODUCT_CONV.md,process,protocol;process,protocol,3877e70366f3d56e092537faa14f43592548928339c7668861264ab33da59132
; RE•GE•OS ; RG•01 ;.zip!; REΓÇóGEΓÇóOS ; RGΓÇó01 ;/RE-GE_ORG_BODY_02_MIRROR_CABINET.md,,protocol;process,process;protocol,72a3910306a31fdbd14c0f4d44450611bf5e0cf2ade15e06168c2df6da66ec8d
; RE•GE•OS ; RG•01 ;.zip!; REΓÇóGEΓÇóOS ; RGΓÇó01 ;/AAW_CORE_09 ΓÇö INTERLOCUTOR PROTOCOLS.md,protocol,protocol,,848da0cb74118b5d7cc44a1684926298c1f16388672ba53b791cbffdf8905d6b
; RE•GE•OS ; RG•01 ;.zip!; REΓÇóGEΓÇóOS ; RGΓÇó01 ;/RE-GE_ORG_BODY_22_PUBLISHING_TEMPLE.md,,process,process,80cbb4370d826105c2da8b3ffec947d1340e5d949d8fe71e99062081c74755db
; RE•GE•OS ; RG•01 ;.zip!; REΓÇóGEΓÇóOS ; RGΓÇó01 ;/RE-GE_ORG_BODY_15_AUDIENCE_ENGINE.md,,protocol,protocol,f588b9ce7ce4c1fdc8db162d832b3c7e368953cc3f991cd266d37a8e5d58cf8d
; RE•GE•OS ; RG•01 ;.zip!; REΓÇóGEΓÇóOS ; RGΓÇó01 ;/RE-GE_ORG_BODY_18_ANALOG_DIGITAL_ENGIN.md,,protocol;process,process;protocol,4e8c2d0658a94b95b660b586ae9fe9ae5e46c0cbf2174cb74d92d8c699245ad8
; RE•GE•OS ; RG•01 ;.zip!; REΓÇóGEΓÇóOS ; RGΓÇó01 ;/RE-GE_ORG_BODY_16_PLACE_PROTOCOLS.md,protocol,protocol,,dffb1d9d9f5b1465412d2cbe7259b17702766b53f193979393af79f2bb52c337
; RE•GE•OS ; RG•01 ;.zip!; REΓÇóGEΓÇóOS ; RGΓÇó01 ;/RE-GE_ORG_BODY_14_PROCESS_MONETIZER.md,process,protocol;process,protocol,4090f1bdcccb236c66c162983cc5f9d7ac18d62b020983f1417d20ee18eba7b2
; RE•GE•OS ; RG•01 ;.zip!; REΓÇóGEΓÇóOS ; RGΓÇó01 ;/RE-GE_RECURSIVE_SYSTEM_RENDER_LINKMAP.md,,protocol,protocol,76e3fdea6f66510749e0984984fbe0d9458d18f26cb13048db52e3ea7c3416e2
; RE•GE•OS ; RG•01 ;.zip!; REΓÇóGEΓÇóOS ; RGΓÇó01 ;/RE-GE_ORG_BODY_07_BLOOM_ENGINE.md,,,,d5d4399176627df0127c6d6698642bd5f4b532679928104dced82584330e9f77
; RE•GE•OS ; RG•01 ;.zip!; REΓÇóGEΓÇóOS ; RGΓÇó01 ;/RE-GE_ORG_BODY_10_DREAM_COUNCIL.md,,naming;process,naming;process,4564d8bef229eeb5afe3786cf3275ab148877fae170b75c53fd114c0f40134fd
; RE•GE•OS ; RG•01 ;.zip!; REΓÇóGEΓÇóOS ; RGΓÇó01 ;/RE-GE_ORG_BODY_12_CHAMBER_OF_COMMERCE.md,,protocol;process,process;protocol,f307b29f662ebf7c5fe8f26ce40389c860c527fb4c44622a4681e75cf7e39f01
; RE•GE•OS ; RG•01 ;.zip!; REΓÇóGEΓÇóOS ; RGΓÇó01 ;/AAW_CORE_08 ΓÇö CANONIZATION ENGINE.md,,protocol;sop,protocol;sop,57bfc21d467d3514b19f278393e1a30f777a1255178d6b99d1ae4e01692928f1
; RE•GE•OS ; RG•01 ;.zip!; REΓÇóGEΓÇóOS ; RGΓÇó01 ;/RE-GE_ORG_BODY_00_ACADEMIA_WING_PROTOCOL.md,protocol,protocol;sop;naming;process,naming;process;sop,9210764422c0adc923b9fb2136fb85c3c2dffd7ca94bca2d3e11e444d01dc674
; RE•GE•OS ; RG•01 ;.zip!; REΓÇóGEΓÇóOS ; RGΓÇó01 ;/AAW_CORE_12 ΓÇö MYTHICAL CITATION SYSTEM.md,,protocol;naming,naming;protocol,a7ab6d954d267c9b9edc0147564a105098ea9144f397c44eba8691f3f3fca227
; RE•GE•OS ; RG•01 ;.zip!; REΓÇóGEΓÇóOS ; RGΓÇó01 ;/RE-GE_OS_INTERFACE_01_RITUAL_ACCESS_CO.md,,,,2fa2a0ae6582ff29c54eb99e3c84b2b8f0443ba44bcf1b754b16fe2783534614
; RE•GE•OS ; RG•01 ;.zip!; REΓÇóGEΓÇóOS ; RGΓÇó01 ;/RE-GE_ORG_BODY_20_CONSUMPTION_PROTOCOL.md,protocol,protocol;process,process,a1f5937b336e24c51912f4336763731efda6c40d18f30c41a073c7fc9c29ff0d
; RE•GE•OS ; RG•01 ;.zip!; REΓÇóGEΓÇóOS ; RGΓÇó01 ;/RE-GE_ORG_BODY_01_HEART_OF_CANON.md,,naming;process,naming;process,deb429ff0c205a9ca623b798b03eb8d26c1ca21636db408a50b8715ddf400960
THREAD_PROJECT_CROSSWALK.md,,protocol;sop;naming;process,naming;process;protocol;sop,c70531d95a4f999bde2568433809628b161395fdcc413b97ea25da355ae1258a
README.md,,protocol;naming,naming;protocol,1961797429483592ff497717646a2e9cf276665fb8c35a60b8ebc31f9e96a2bc
FINAL_FOLDER_COLLAPSE_SNAPSHOT.csv,,sop;naming,naming;sop,3b9bae637ad8a3b89a71f8f8a99aca7423edc6adde4d273e272dbcfe128b25c5
SYMBOLIC_TREE_MAP.md,,protocol;naming;process,naming;process;protocol,327d178cc580a97be2a386c8636f54527ae44a1b5b5ce529f797956dde38e5de
FOLDER_COLLAPSE_PLANNER.csv,,naming,naming,bd42e4afca16350bed416f27d5c887232c45fa67db700a5acebc3e70e68ab1c7
THR_SYSTEM_CORE.md,,naming,naming,c153b14647ab019fa65d6a01067fef825007ed50ff14dbf968bcc0c99c12bab5
verify_report.py,,,,5899ee6dd789c6d0de7a113db8f642c8a6d90529c5d0fd60b1b24fd28a36cf6c
THREAD_PROJECT_CROSSWALK_FINAL.csv,,protocol;sop;naming;process,naming;process;protocol;sop,1694ca2d9cc0da793be0e0c706eaa7111aea42076aa620cbb32aab2b63e38509
202505050025.md,,,,e3b0c44298fc1c149afbf4c8996fb92427ae41e4649b934ca495991b7852b855
FOLDER_CATALOG_FINAL.csv,,protocol;sop;naming,naming;protocol;sop,7006933cbeae044e2f4a050068279bb65d0e3d49867dd3cd4ef4b725be92d943
Untitled.canvas,,,,44136fa355b3678a1146ad16f7e8649e94fb4fc21fe77e8310c060f61caaff8a
vault_state.md,,naming,naming,2f2bb197d74fc5ec9e0ef90fcce1fbe3b3e758afcd9e16128902482002094869
folder_map.md,,protocol,protocol,35d9050587bca592212b8a4bdfd763761baca84cf82c02ce3cd1368b6a8fbeab
__VAULT_GUIDE__.md,,protocol;naming,naming;protocol,425344c073e5a26c8664d123123c7bf7fe079f2443113ea4bf6f012e61385b7b
C0D3_INJ3CT_D4V1D_CORE.v2.5_4RCH1V4L_M0D3.md,,protocol,protocol,64a8f46ac1bf4341ab8771f78a574c60327e57c779c90c982d728f9e1b3c134c
PR_FOLDERS_MASTER_INDEX_FINAL.md,,,,c23e87764d3bbf4af97d3e034169182e6fe47bd2e17c73bbb0a5afc10d656adb
.git/HEAD,,,,b20849f2b0dd22bf5e88c7faebcf4ae9c5273276f91e58fa9213421581cd8482
.git/FETCH_HEAD,,,,c81cb6aadf2e035e7626a065d70cdddf7d6613899f7b16b89fd1808f4c46a8a5
.git/config,,,,cfe7ba1238c9a78be7535d7c63bcaf5a4d5011d46b07c9b45d3bbf7d6c312dfe
.git/description,,,,85ab6c163d43a17ea9cf7788308bca1466f1b0a8d1cc92e26e9bf63da4062aee
.git/COMMIT_EDITMSG,,,,e9de381db0ee09015edcab29e519c84642e1a288556d480d7f5fbadabafaa856
.git/packed-refs,,,,6110899c7adc374885f9552bddfb76fa28a7f7ca3c05fb8b74471a457e1e57c8
.git/index,,protocol;process,process;protocol,0a74c3dd522a61a2f0488cc87db0dc73ce4956dc45ffc5937cec46cd48fa40c6
.git/logs/HEAD,,,,d5db51fb5ce532f052a257380754e0c287a89b5ac0b3f88eabcb836320a58846
.git/logs/refs/heads/main,,,,986739f69b009952b8b8f4db2bf02fcd180f638f706296256fbc7c3703ff703c
.git/logs/refs/heads/work,,,,cc421bf1162bd0c241b907d0bf656ee667e4da984d991bd0dcb57ec1857adba3
.git/info/exclude,,,,6671fe83b7a07c8932ee89164d1f2793b2318058eb8b98dc5c06ee0a5a3b0ec1
.git/objects/pack/pack-09423d99f076ef508bc301a32a3632ebacc9d889.pack,,sop,sop,b7918e1f74f0390dc57587cd50560d36d10583cf7a8ef1e51a6d22ed986784be
.git/objects/pack/pack-09423d99f076ef508bc301a32a3632ebacc9d889.rev,,,,7033cf244e77bc8dcc776f88fe598217b341a88bcf02e634cb44bc95357e6b50
.git/objects/pack/pack-09423d99f076ef508bc301a32a3632ebacc9d889.idx,,,,4ee814f54428459653bd6d40a89af998b3c9fb85a8afd63f497b836831844340
.git/objects/0f/30331e4c0c105410538f5a0b3725eb73f0169a,,,,66a82edbf9004bfffabd082e6766d2b9e569c6021265f530cd51a81d6e491de6
.git/objects/58/25621e0bb437a3afa8128111db10ecfde337c7,,,,ca8b29d9e425137522249653ec2236ce054fce5f76f7b34267e2ae76d2c5ee69
.git/objects/75/517bc0de102477dbbfc81ee5605dc0073b2e02,,,,464485de7e0fc4d0cf21948b5bd106f70c3d0705f084697fb67e1bad61fdde49
.git/objects/9a/5074d693039b1dfaf6d413a0fbaf88c7bbe347,,,,b714ff29fd72cabd87031ec44b5538f0a1ab70fe1af130f4ec115ed71b3044d6
.git/objects/82/2ab0eb0001a3d0512fb129ceb03a8fc5997be9,,,,b5ea0a7c5df6976e1bba8f22549214fd8258095087d5f2bff59b9ac72099ffac
.git/refs/heads/main,,,,7e49d136b5e180c976a4537912d418098aec37488c1885a3dfa82fdc2e86efc0
.git/refs/heads/work,,,,ee31f9807ffaa8aaac4e3a960e179ec20f61cc88d5625c938c1d2c55aa8ad344
.git/hooks/pre-receive.sample,,,,a4c3d2b9c7bb3fd8d1441c31bd4ee71a595d66b44fcf49ddb310252320169989
.git/hooks/sendemail-validate.sample,,,,44ebfc923dc5466bc009602f0ecf067b9c65459abfe8868ddc49b78e6ced7a92
.git/hooks/fsmonitor-watchman.sample,,,,e0549964e93897b519bd8e333c037e51fff0f88ba13e086a331592bf801fa1d0
.git/hooks/pre-applypatch.sample,,,,e15c5b469ea3e0a695bea6f2c82bcf8e62821074939ddd85b77e0007ff165475
.git/hooks/post-update.sample,,,,81765af2daef323061dcbc5e61fc16481cb74b3bac9ad8a174b186523586f6c5
.git/hooks/pre-commit.sample,,,,f9af7d95eb1231ecf2eba9770fedfa8d4797a12b02d7240e98d568201251244a
.git/hooks/pre-merge-commit.sample,,,,d3825a70337940ebbd0a5c072984e13245920cdf8898bd225c8d27a6dfc9cb53
.git/hooks/pre-rebase.sample,,,,4febce867790052338076f4e66cc47efb14879d18097d1d61c8261859eaaa7b3
.git/hooks/push-to-checkout.sample,,,,a53d0741798b287c6dd7afa64aee473f305e65d3f49463bb9d7408ec3b12bf5f
.git/hooks/applypatch-msg.sample,,,,0223497a0b8b033aa58a3a521b8629869386cf7ab0e2f101963d328aa62193f7
.git/hooks/update.sample,,,,8d5f2fa83e103cf08b57eaa67521df9194f45cbdbcb37da52ad586097a14d106
.git/hooks/prepare-commit-msg.sample,,,,e9ddcaa4189fddd25ed97fc8c789eca7b6ca16390b2392ae3276f0c8e1aa4619
.git/hooks/commit-msg.sample,,,,1f74d5e9292979b573ebd59741d46cb93ff391acdd083d340b94370753d92437
.git/hooks/pre-push.sample,,,,ecce9c7e04d3f5dd9d8ada81753dd1d549a9634b26770042b58dda00217d086a
.space/waypoints.json,,,,9902207f07370803753afc23f31727e2e402e82d5a8d52fccde875c9d9215df6
.space/context.mdb,,,,d65e4c4301b73dc4898b31e61f9c44c03596e453232089cb0f3e8512d7906c43
.space/def.json,,,,cf689f7961a85d158d9c3964a6e9b68d903a1064cc4c4e2565c97b428846c5fb
.space/templates/Note_Template — PF‑B.md,,,,e153fca09b3715229308c4afe529e82d13d8a4c23039a6db8e07ee60ef3eecff
ARCHIVAL_STACK/PR02_THREAD_DIGEST.md,,protocol;naming,naming;protocol,7e0fb61ba3aeb9b51e724bf93481b137af384b0ebcae512d45e9bd2ddd8fd3e6
ARCHIVAL_STACK/PR01_THREAD_DIGEST.md,,,,90b88cfe067475d5bb7e868ec5b2c6197a0d938ae25c3abe612a65493e0ed77b
ARCHIVAL_STACK/PR05_THREAD_DIGEST.md,,protocol,protocol,2c83a281526f949a8fd72edd6dcae67393f42b57698ccf65577a2ef369526250
ARCHIVAL_STACK/PR08_THREAD_DIGEST.md,,process,process,ad96b122a6df3b99ac240f92b22677ca15ba8d0ef54b39867e1b6e74b75644fb
ARCHIVAL_STACK/PR11_THREAD_DIGEST.md,,protocol,protocol,d935be4f9e4bb4365227d577da3f42cb9fd40f0c9a61045cd454d259cff4f802
ARCHIVAL_STACK/PR19_THREAD_DIGEST.md,,,,97ba80eddd3be55615be1998fae07532f8a3f895306a5e18ead98625161da216
ARCHIVAL_STACK/PR09_THREAD_DIGEST.md,,,,e6d1e451aba4553e2a8d452981e616f067da5d2a61676ae6744b8bea4e9c621c
ARCHIVAL_STACK/PR15_THREAD_DIGEST.md,,,,2470a98672f9ed380be2d316c566a42b094ca62fc71aec82badbc78bce22221c
ARCHIVAL_STACK/PR16_THREAD_DIGEST.md,,,,e2250d5c1616c77b26b8ab44c2d3bcfd6272f07b5a3d458ab8a80458f796ef20
ARCHIVAL_STACK/PR04_THREAD_DIGEST.md,,,,8d94645cc6d8b4024d9725ceb5be73352a72de218a70441b4024b4ba0acf3bb8
ARCHIVAL_STACK/PR07_THREAD_DIGEST.md,,,,a1e15400d3a36516a30bbf5a26f3b48eb4ff1d6f12154707f351ec78b29ab8ae
ARCHIVAL_STACK/THREADS_REVIEW_REQUIRED.md,,protocol;sop;naming;process,naming;process;protocol;sop,e21d200b9854c74fc309f03cf83ba114b7943201185089adaa7740eef9bd1fab
ARCHIVAL_STACK/PR17_THREAD_DIGEST.md,,protocol,protocol,502a36b980a68517e6b7b0ba85817df4294fa34d7019cf70cc9747f9996156e7
ARCHIVAL_STACK/PR03_THREAD_DIGEST.md,,,,a266470fd3133a372e5b41875a8e5dd32eec6e53dead47d81edf8b38102480d7
ARCHIVAL_STACK/PR12_THREAD_DIGEST.md,,naming,naming,d4637e053e68e783ef3597eaeacd583ec3010db4afd1772db1a1e961dd3da2ba
ARCHIVAL_STACK/PR18_THREAD_DIGEST.md,,,,0032068495e29be34ce3b7685e3d7fda756ecfa7a2f3ea391b5277f7ca4aceb2
; RE•GE•OS ; RG•01 ;/RE-GE_ORG_BODY_15_AUDIENCE_ENGINE.md,,protocol,protocol,f588b9ce7ce4c1fdc8db162d832b3c7e368953cc3f991cd266d37a8e5d58cf8d
; RE•GE•OS ; RG•01 ;/RE-GE_ORG_BODY_08_SOUL_PATCHBAY.md,,,,688a962dab37fce53767691ab242e31f8282c16954985055744adea5136e09a7
; RE•GE•OS ; RG•01 ;/RE-GE_ORG_BODY_13_BLOCKCHAIN_ECONOMY.md,,,,dd17d41f5fff85ade86583662db3003d8a5607bd4219eb3fe55d2aef0d55ab6a
; RE•GE•OS ; RG•01 ;/RE-GE_ORG_BODY_11_MASK_ENGINE.md,,,,2eebdf493e95f58cf3d0b8ae2a150ce8a7fa8e2c289f7d316fe26fe005cde6e1
; RE•GE•OS ; RG•01 ;/AAW_CORE_09 — INTERLOCUTOR PROTOCOLS.md,protocol,protocol,,848da0cb74118b5d7cc44a1684926298c1f16388672ba53b791cbffdf8905d6b
; RE•GE•OS ; RG•01 ;/RE-GE_ORG_BODY_06_CODE_FORGE.md,,process,process,027bcd58a00207345bd78f901edf981e27802a63394724596e3fbb6f2b631960
; RE•GE•OS ; RG•01 ;/RE-GE_ORG_BODY_01_HEART_OF_CANON.md,,naming;process,naming;process,deb429ff0c205a9ca623b798b03eb8d26c1ca21636db408a50b8715ddf400960
; RE•GE•OS ; RG•01 ;/R3..G3..[  0__S  ].md,,,,61a1f62eaf788da6340ffc1e695eabe87ecbd6927c0cede9c72b942c2bb767a0
; RE•GE•OS ; RG•01 ;/RE-GE_ORG_BODY_14_PROCESS_MONETIZER.md,process,protocol;process,protocol,4090f1bdcccb236c66c162983cc5f9d7ac18d62b020983f1417d20ee18eba7b2
; RE•GE•OS ; RG•01 ;/RE-GE_ORG_BODY_07_BLOOM_ENGINE.md,,,,d5d4399176627df0127c6d6698642bd5f4b532679928104dced82584330e9f77
; RE•GE•OS ; RG•01 ;/RE-GE_ORG_BODY_12_CHAMBER_OF_COMMERCE.md,,protocol;process,process;protocol,f307b29f662ebf7c5fe8f26ce40389c860c527fb4c44622a4681e75cf7e39f01
; RE•GE•OS ; RG•01 ;/RE-GE_OS_INTERFACE_01_RITUAL_ACCESS_CO.md,,,,2fa2a0ae6582ff29c54eb99e3c84b2b8f0443ba44bcf1b754b16fe2783534614
; RE•GE•OS ; RG•01 ;/RE-GE_ORG_BODY_22_PUBLISHING_TEMPLE.md,,process,process,80cbb4370d826105c2da8b3ffec947d1340e5d949d8fe71e99062081c74755db
; RE•GE•OS ; RG•01 ;/AAW_CORE_11 — FAILURE STUDY CHAMBER.md,,protocol;naming,naming;protocol,71c2e08c396580926d7032a683ab8739303fd4447ca11e6c931afe4ad8cae47d
; RE•GE•OS ; RG•01 ;/AAW_CORE_12 — MYTHICAL CITATION SYSTEM.md,,protocol;naming,naming;protocol,a7ab6d954d267c9b9edc0147564a105098ea9144f397c44eba8691f3f3fca227
; RE•GE•OS ; RG•01 ;/RE-GE_RECURSIVE_SYSTEM_RENDER_LINKMAP.md,,protocol,protocol,76e3fdea6f66510749e0984984fbe0d9458d18f26cb13048db52e3ea7c3416e2
; RE•GE•OS ; RG•01 ;/RE-GE_ORG_BODY_00_ACADEMIA_WING_PROTOCOL.md,protocol,protocol;sop;naming;process,naming;process;sop,9210764422c0adc923b9fb2136fb85c3c2dffd7ca94bca2d3e11e444d01dc674
; RE•GE•OS ; RG•01 ;/RE-GE_ORG_BODY_19_PROCESS_PRODUCT_CONV.md,process,protocol;process,protocol,3877e70366f3d56e092537faa14f43592548928339c7668861264ab33da59132
; RE•GE•OS ; RG•01 ;/RE-GE_ORG_BODY_04_ARCHIVE_ORDER.md,,,,83c44928b5b3d3a47b4e4904ea2442743931b660777b6a7f52912325f12ed0d3
; RE•GE•OS ; RG•01 ;/RE-GE_ORG_BODY_18_ANALOG_DIGITAL_ENGIN.md,,protocol;process,process;protocol,4e8c2d0658a94b95b660b586ae9fe9ae5e46c0cbf2174cb74d92d8c699245ad8
; RE•GE•OS ; RG•01 ;/RE-GE_ORG_BODY_03_MYTHIC_SENATE.md,,protocol;sop;process,process;protocol;sop,8b1afcdf7e65e7e6044940501acc673649bf43d94eb57c89bc2ffaa0c42b54a8
; RE•GE•OS ; RG•01 ;/RE-GE_ORG_BODY_20_CONSUMPTION_PROTOCOL.md,protocol,protocol;process,process,a1f5937b336e24c51912f4336763731efda6c40d18f30c41a073c7fc9c29ff0d
; RE•GE•OS ; RG•01 ;/RE-GE_ORG_BODY_02_MIRROR_CABINET.md,,protocol;process,process;protocol,72a3910306a31fdbd14c0f4d44450611bf5e0cf2ade15e06168c2df6da66ec8d
; RE•GE•OS ; RG•01 ;/RE-GE_ORG_BODY_16_PLACE_PROTOCOLS.md,protocol,protocol,,dffb1d9d9f5b1465412d2cbe7259b17702766b53f193979393af79f2bb52c337
; RE•GE•OS ; RG•01 ;/RE-GE_ORG_BODY_10_DREAM_COUNCIL.md,,naming;process,naming;process,4564d8bef229eeb5afe3786cf3275ab148877fae170b75c53fd114c0f40134fd
; RE•GE•OS ; RG•01 ;/RE-GE_ORG_BODY_09_ECHO_SHELL.md,,process,process,f0d526fa50d6e1440a4fb1d088b5657675b65c6f7d9accf4bda5560f4854f71e
; RE•GE•OS ; RG•01 ;/RE-GE_4NTHOLOGY_INIT.v1.0.md,,protocol;naming;process,naming;process;protocol,9059ec8448f507bb2f8b6aafc69cd60d2996cd38eb10d980f8443f39f04095eb
; RE•GE•OS ; RG•01 ;/AAW_CORE_10 — GENEALOGY ENGINE.md,,protocol,protocol,9d790337408b2ec216a17b8cd64b22feb583e109202443fd02e6c6acb06adced
; RE•GE•OS ; RG•01 ;/AAW_CORE_08 — CANONIZATION ENGINE.md,,protocol;sop,protocol;sop,57bfc21d467d3514b19f278393e1a30f777a1255178d6b99d1ae4e01692928f1
; RE•GE•OS ; RG•01 ;/RE-GE_ORG_BODY_17_TIME_RULES_ENGINE.md,,,,eea6d627e60ae778ab4c77c61b30a284587af6413bff560312e65def75eb0c79
; RE•GE•OS ; RG•01 ;/RE-GE_ORG_BODY_21_STAGECRAFT_MODULE.md,,,,4ca3d88fcc384dcd7e11367bf81d83f80a59929e855983ca63e966953834382a
; RE•GE•OS ; RG•01 ;/RE-GE_ORG_BODY_05_RITUAL_COURT.md,,sop;process,process;sop,0fc2ab31038afc20d01726b1584ce13eed097c59f9dd3df40e3c2b79953cf698
.makemd/superstate.mdc,,sop,sop,ff8e8a4e424243973706c863523035a3ee71da0191e4919037e320a0d09cfb19
.makemd/fileCache.mdc,,,,04241163dd6ccb83b21b219b114bc24455853650b41b1d7932291b30ff039279
; M1R•R0R ; MR•01 ;/; MIR•R0R ; MR•01 ;.md,,,,e3b0c44298fc1c149afbf4c8996fb92427ae41e4649b934ca495991b7852b855
; ARK•LIV ; RK•01 ;/; ARK•LIV ; RK•01 ; [archive.md,,,,988741f8bc94caee7f2f5893732763b7e8e970b7f76882f553a0b91b200d3670
.obsidian/app.json,,,,a0fbf879703d2c76bea496f2e49f602789809ba244eb3ec81fe54f651cddea91
.obsidian/types.json,,,,6fe156e0dbbba8a4033a0360a56fe6bbbf5c4c958531f7278db7d50a3168f4b2
.obsidian/text-generator.json,,,,5495d5af7a58e32ed2fd60e2aa0c8e6d2e093721d0d4df407900e3f939593076
.obsidian/daily-notes.json,,,,b656b298fbe39ba63be30b599a53d3121c6daaafc106baac1cfa6ced9f511847
.obsidian/community-plugins.json,,,,92d757d7d7ee44ca48f1103236c7657d836dd098140114e37696856ae29d205a
.obsidian/appearance.json,,,,bb74bbe7f53d36aee1159ef403eee0f2eaa2c9abd733fbf36a2dbada5a3385b4
.obsidian/graph.json,,,,8c2b2e8a7d477b6cda3d73dd1672a3546244d709df96d2a8e8761d4613adbb7e
.obsidian/vault.json,,,,1abc706d963b9fa142400daf7e2708b5a15ca5e2408a80e2a1cce55d19d144af
.obsidian/core-plugins.json,,,,71aaf8117c2a13465a70afdbe126745feb53e7cf3e0b4154b47e700bf9d473c6
.obsidian/workspace.json,,,,ed5aa5cd84bd4e91fdb076ca1a13c6ae645d7ca498a0d1c66b9d7248536ab883
.obsidian/switcher.json,,,,20ee8030b2374d2eb47ad6eb5403b65f0ca5064bc7f89487970c6ad24e738ca8
.obsidian/backlink.json,,,,55b3d1b176a5c14c2307aea23fa66ba6d69a7920ccb67d11b0c7abed95b1c93b
.obsidian/templates.json,,,,8fb0a276ae00dbb59e984d85b818ffdbdb3c9fbcba15729de35b20179813b314
.obsidian/themes/Minimal/manifest.json,,,,ab86312e646e6134a1c79ea638180150c43567e3ec56a780f46481bfd44a0625
.obsidian/themes/Minimal/theme.css,,,,93bf14e688713c889d80dc4023c5fa97965a854654b9676a83956bf2a2f13ed0
.obsidian/plugins/make-md/main.js,,protocol;sop;process,process;protocol;sop,e635316b1d16b9e2ca73cc078efdf6a99b4ad7039bcbf51aa98f5f7f483ec454
.obsidian/plugins/make-md/data.json,,,,36ff28079ec109a308107d834b6cef5834d558e532d4bfa14f53521467aff098
.obsidian/plugins/make-md/styles.css,,,,5c59b0cd9ddb3a5c4556bdc393b390c2d6e8377ba2f5ec79ca9dc7c7a18646ff
.obsidian/plugins/make-md/Spaces.mdb,,protocol;process,process;protocol,532796445180a9dcff173bfc0894a798593e73e2e3e66264ecdadcf09c61c670
.obsidian/plugins/make-md/manifest.json,,,,8e1dcf6fc27a4dace4a967d5e82e27d1c4e941af11fcdc3818a0042a55fdab57
.obsidian/plugins/periodic-notes/main.js,,process,process,27478abb118f8829960a83dd8d96abfed7e2fde236ea4bdc716ec37e3abdbe36
.obsidian/plugins/periodic-notes/styles.css,,,,613f3985d4c84900ed2e25d8a46efb7b3ace6889fb71217055084084eb146238
.obsidian/plugins/periodic-notes/manifest.json,,,,bda29323f75d3b3fcbda489335825b97fe4b574914d04635e9a7e67f2414049c
.obsidian/plugins/obsidian-importer/main.js,,protocol;sop;process,process;protocol;sop,3473c02e2097923013560486bfe88436e48367cf5a044a9b9f32d5df011268cd
.obsidian/plugins/obsidian-importer/styles.css,,,,6a7fd66701c8542d34c09099af88e93b8a0d22909a7d5cd1e3c45315a2088b3d
.obsidian/plugins/obsidian-importer/manifest.json,,,,a559bc171f90f564e1c8312e0ab0a820b9bce120171a0d8695620ad114c78954
.obsidian/plugins/obsidian-kanban/main.js,,protocol;sop;process,process;protocol;sop,458574296f9c50bf5ac078ad28f37724a2520ae45e8ad2144c6769f4062453e4
.obsidian/plugins/obsidian-kanban/styles.css,,,,ecf6dd31f1727c441cce6f54794b0d3916dcfffc87fa17b855c79ba04a85d9a7
.obsidian/plugins/obsidian-kanban/manifest.json,,,,24976787097ead467969e014a35654e7a80e4db49a977689a48afadfa15e1854
.obsidian/plugins/editing-toolbar/main.js,,sop;process,process;sop,dfddeac79c929e2908bbc02a77d5fac0c13a0b2358101334c4e1aa698e4c6592
.obsidian/plugins/editing-toolbar/data.json,,,,bf610145ad0e378663b9d363cbb93297c456b355e193b65b70e0c5acdb1cc653
.obsidian/plugins/editing-toolbar/styles.css,,,,2a5b49d68e1f18a67ac4d853cf7cb2813dac644c0c1794d9e2cda97efaac23c0
.obsidian/plugins/editing-toolbar/manifest.json,,,,aab9ca66fa125b3faaa1fd850fb88feb3ee1f8b10507a1fc5c71e2c7d4d41a78
.obsidian/plugins/obsidian42-brat/main.js,,protocol;process,process;protocol,d34854b7e30cb7f84158bcab4cc035ff1dc72f690e755d442907b2d7fba7962b
.obsidian/plugins/obsidian42-brat/styles.css,,,,47fa0e16d05eddf930e7b9fbc2eaf948faab4de52df08da5d15be4fb889c8155
.obsidian/plugins/obsidian42-brat/manifest.json,,,,8cdb58db55e98b249fb0a6fc1d2fe8702704933365f749ebce5a0e5360808cd3
.obsidian/plugins/omnisearch/main.js,,protocol;sop;naming;process,naming;process;protocol;sop,283d72815f73782af996c5a8f3b3997b577006c349c26e55cdd05d0a289140d9
.obsidian/plugins/omnisearch/data.json,,,,b54c7795f078d64d18e4233db771d1443e7bd726b6db7e3dd9980cb6e2af2e75
.obsidian/plugins/omnisearch/styles.css,,,,b70b786c51a899e376fb936954f655908709fe3cb746d98f1ba1f5171852ae2b
.obsidian/plugins/omnisearch/manifest.json,,,,d229f23ae06e31be7e3683e30cd60724ee80f1bef95b6484e6074db619aae36c
.obsidian/plugins/templater-obsidian/main.js,,process,process,41ba4ea7560d13d85f3a9be009aefd5a66de287322da52e9fade3ead81b06935
.obsidian/plugins/templater-obsidian/styles.css,,,,1a0d49312cfa6566a607a1e437a572a00b1643bf443a9348d96a68d76b3d99ab
.obsidian/plugins/templater-obsidian/manifest.json,,,,68010f6cd469dbb42491adb64931196bbe4df31f71fff77c2c474d2ed1624ca7
.obsidian/plugins/obsidian-style-settings/main.js,,sop,sop,74915ff1db38058aad73a29a34706f8cc8e7c930c4cdf69ff5c6928bec7e0fe7
.obsidian/plugins/obsidian-style-settings/styles.css,,,,ee7937d2be50653a89ccb30ae5f0572b23507d5b7f1328d005271a363075bfd8
.obsidian/plugins/obsidian-style-settings/manifest.json,,,,9cffdc20cf2aa1354820e0050b694b0f9b576446e3d5d44a36ae8b0187e5bfb8
.obsidian/plugins/recent-files-obsidian/main.js,,,,e102ab2499bff4304c17ed63f5fad7e505f00195496bf156eb90d32cec86c468
.obsidian/plugins/recent-files-obsidian/data.json,,protocol,protocol,30dfcdb1d90f753fc6978556bd8312d59a513f8fcff7289ade72a1854690531b
.obsidian/plugins/recent-files-obsidian/styles.css,,,,2ee49c92ab0bb848221a09626f7ba676bbe85372c4c8065ee7790b0832cb3ddb
.obsidian/plugins/recent-files-obsidian/manifest.json,,,,9dce99e6f0facc1a2715573ac9b2b446fcb55d9f30c3094e906c820a8bd0ea54
.obsidian/plugins/obsidian-projects/main.js,,process,process,2de1c393668d5ca242d3d35ee1f14fddd037b3a53c69ec54d50ffd596df5acbd
.obsidian/plugins/obsidian-projects/styles.css,,,,b0cd6697b53eb23a88a4f4902a35f5ece26ddcaafec5063f4dbd95e04401b95e
.obsidian/plugins/obsidian-projects/manifest.json,,,,eef4b4785e4ca83dda2cf7d172e8ad8f4ffe15a8426a5f9c87e85daf97abbe9f
.obsidian/plugins/obsidian-textgenerator-plugin/main.js,,protocol;sop;process,process;protocol;sop,e1f84b85b96c26c3d7fe51019ad73cd8d724da270db1a662cca5d3613c1e2e40
.obsidian/plugins/obsidian-textgenerator-plugin/data.json,,sop;process,process;sop,cebba15c50e110ada4b7544d142d99ff8d24725f19291ef2692134ae7c645dbb
.obsidian/plugins/obsidian-textgenerator-plugin/styles.css,,,,c8fa1fe44ad1223f816be5a55d282b6903b5b44fb7baab2ecb5b3253e3474e31
.obsidian/plugins/obsidian-textgenerator-plugin/manifest.json,,,,bb04b11b6106f447b4ab1bb0494f3817aec1465673faeacf8a4f70fdfd069e7c
.obsidian/plugins/tag-wrangler/main.js,,sop;naming;process,naming;process;sop,7ed83f050e173a019b8a6f6b5c2bb7b38bf6b4cbf4a7982753f76a49b9ec27e5
.obsidian/plugins/tag-wrangler/manifest.json,,,,4e58dc8924009b2b9839692fe258d08758512eca6ab54c174f8022c7eda719bb
.obsidian/plugins/obsidian-icon-folder/main.js,,naming;process,naming;process,87ca453c323633e8709dcd3239581a5d043a150faa3ab3a3e14d1780db2df241
.obsidian/plugins/obsidian-icon-folder/data.json,,,,d0873e89d28d74fc3b83ec6d14e8b87e703a59cedbbe1230b295e52e74a8aec2
.obsidian/plugins/obsidian-icon-folder/styles.css,,,,56ffeb8349f4af97dab8a14fcadcb0019d3b37b116d7a34aa21e958e98455a89
.obsidian/plugins/obsidian-icon-folder/manifest.json,,,,f524a18d69e990a244173a3595681c39a20bcbc9dc18b59af51e45660fef5ca2
.obsidian/plugins/obsidian-linter/main.js,,protocol;process,process;protocol,13416de66113bc47c2dfca6229c51c8d8024e0510911a066744bd16e341fd633
.obsidian/plugins/obsidian-linter/data.json,,,,c44b257f2062981ef0ee5c47de594c764ec5b3ffe21a9c7db5c4f3517df056b5
.obsidian/plugins/obsidian-linter/styles.css,,,,0ccf508b05a9445dc7c433b1acfcae9f40b2d8e218d53fdffeadd74d413c22db
.obsidian/plugins/obsidian-linter/manifest.json,,,,db79f6fbb3bae9820970582bfd6015fe4e7658ce7a16711c4cc7ca9fb6a951a8
.obsidian/plugins/obsidian-tasks-plugin/main.js,,sop;process,process;sop,ed07df0912e4117bdaf9ba29213d7a791ee31c5644122b638cf4b4482ceb2e00
.obsidian/plugins/obsidian-tasks-plugin/data.json,,,,c50c4ee98b0f97eb9ec69191027a929ca551f4a0516adc0ff60fab1fe64c69dc
.obsidian/plugins/obsidian-tasks-plugin/styles.css,,,,4d925c095f74e11b06eda80c16b1b794c68624725d68109e3bdce66731ded3af
.obsidian/plugins/obsidian-tasks-plugin/manifest.json,,,,e6639a4a681ef6aad0c4bf69cd9eefba254750b4e10b837645ead3b453c11492
.obsidian/plugins/text-extractor/main.js,,sop;process,process;sop,55983ac7e1ed52bedb93f6f2e944bd683de2d08a73079269e47438c7e2970ccd
.obsidian/plugins/text-extractor/data.json,,,,39e44e1c260b0c47d6765ec24255e7023a92981863c792aab5d01d1182720871
.obsidian/plugins/text-extractor/manifest.json,,,,171b424e011d3495e1d2f4199ce4e4e9d9607ad0ca0cb59786c80db65d326a01
.obsidian/plugins/dataview/main.js,,protocol;process,process;protocol,bcdb7a7882051a30427a3fa370533c1052019591e7551bcc12611bb9a726bbb3
.obsidian/plugins/dataview/data.json,,,,919e8a262c8f08d4bea11e452f234544de65ff3b801cdcdab8724f2e15aa23fb
.obsidian/plugins/dataview/styles.css,,,,3306dd9032e00f989ba7233a37fd255bc4d3f4340cee661762e952f3f6aa1de9
.obsidian/plugins/dataview/manifest.json,,,,9235db47112da81b85591c79ecb9ae2574e5e72207056e976472f90616286185
.obsidian/plugins/obsidian-mind-map/main.js,,protocol;sop;process,process;protocol;sop,6d6d815563d43e46a6c3ff991f8a0590c002b9889f5c4671c8becf6a1e4ba99c
.obsidian/plugins/obsidian-mind-map/manifest.json,,,,af4423c20527d196ea44003054bc275a564d844537f8ab0fd657085bf675a0e3
.obsidian/plugins/homepage/main.js,,process,process,67ab26ba455899a22a1ac8a46426be073161f5bdf1e91be37956498ee74a27ca
.obsidian/plugins/homepage/styles.css,,,,95a5ecf3044b923c00996adb13ad256788252c7b353daee6c430a48bcf8af75a
.obsidian/plugins/homepage/manifest.json,,,,edd9a29ee518a15f16047bfb8c9f0e12d2cb86255c954c32718e4f945b6d5232
.obsidian/plugins/quickadd/main.js,,protocol;sop;process,process;protocol;sop,35ff4c3d1cc1df76d1840181882a7c06d53305342d7674c6e0d27d3559b861b6
.obsidian/plugins/quickadd/data.json,,,,69b17379a9db85b4bf26dbefdedc110f2f4a565fd454596292dd5f2a7046af10
.obsidian/plugins/quickadd/styles.css,,,,d69ce103bd79291d288f2b0c01913b858162982aada40d0b1315ef4812766a79
.obsidian/plugins/quickadd/manifest.json,,,,97c33a32879dd7a2bafbc281c2c69791defc1697bbc568c7882e6ed2bf9fb3ae
.obsidian/plugins/obsidian-git/main.js,,protocol;naming;process,naming;process;protocol,699ba5616e02dc0b944f23f9d2c5eb01e5bcb01a07325223df11282f17c111fb
.obsidian/plugins/obsidian-git/data.json,,,,38c227145ae7102712c21a1e175fce5c2c02b80d831954c441960055005d701c
.obsidian/plugins/obsidian-git/styles.css,,,,9ff22852aa8112a30246c16db21ee98102f912c756a7eb1d2db2ea1c426f99b6
.obsidian/plugins/obsidian-git/obsidian_askpass.sh,,,,1fa35e0b94bc55081f026608f2be2793dc9ac8647ae10fbe9891e0084607443a
.obsidian/plugins/obsidian-git/manifest.json,,,,be7f451b6ee6959ed20e369a087589069902a1a6f8bd6f4cd9ffcbfb37dda84f
.obsidian/plugins/file-explorer-note-count/main.js,,process,process,7a5f990090da3259c22fe935884ae5afc50f2a975587289823f190c4c1aa76ec
.obsidian/plugins/file-explorer-note-count/styles.css,,,,1739c2b54f61aaa4902f4f3a09bff7ea0aea0f8145eea77ab417c42d55cb814e
.obsidian/plugins/file-explorer-note-count/manifest.json,,,,d8115eea8a1d27375ae59b84d934a8e6cd806988ce309e6b4cf2e488af6fb2c6
.obsidian/plugins/smart-connections/main.js,,protocol;sop;naming;process,naming;process;protocol;sop,ae868f73adf713a88e5d8eff3e0d85385cde665e7b61927c03857dc4819f2c42
.obsidian/plugins/smart-connections/data.json,,,,0ee63194e8947b5340ae078bb054d06c8354a8ca2fa13a61c62bba3edc6866fb
.obsidian/plugins/smart-connections/styles.css,,,,f3ebc021c44280466f39b327fd1978b9b0367d16946861ea0a48920dd42ba197
.obsidian/plugins/smart-connections/manifest.json,,,,f305bc830d0246e86c61d888ea0698494a57e09516cd72b699f1248c65190950
.obsidian/plugins/highlightr-plugin/main.js,,sop,sop,f0f12b0983846b91d34dfa5b81b81735ec78b8886ca91bf696cbd19b89bc17b1
.obsidian/plugins/highlightr-plugin/styles.css,,,,6fdd3e52f7df3ff4a74297d346fb4832309406d2aa061f7c9dc12591cb89a72f
.obsidian/plugins/highlightr-plugin/manifest.json,,,,9f4f75cf47ccb4ef4b740a773ec4b593ac6930d582b6ce59ecf7384fa07b64c1
.obsidian/plugins/copilot/main.js,,protocol;sop;process,process;protocol;sop,75a7eea06620bd087e2d2c50ba034b1c8566f42b942c3e4a46b316d717bd7f03
.obsidian/plugins/copilot/data.json,,,,fc60cc8df380ecdf0a80922738f78b5a7ebc02b0c5a0dadacdcb33cc1dc63f97
.obsidian/plugins/copilot/styles.css,,,,3498c46453ae4036ba86bd8a8fca5aac0b544263fafa2ce01be85e7c2aafe7b3
.obsidian/plugins/copilot/manifest.json,,,,701ea029ed3a2ff0a599b29071b5f7383c5a2d9d1925007cb0288948996afd9e
.obsidian/plugins/obsidian-excalidraw-plugin/main.js,,sop;naming;process,naming;process;sop,e5e0c47ed2e8358d480eebe445f28d0aede5e92bb2c0acdafd2e008c28abc9d7
.obsidian/plugins/obsidian-excalidraw-plugin/data.json,,,,c63b0077562915d818d3f98892cc214da25a9c6f5eca298160c4115fc082c760
.obsidian/plugins/obsidian-excalidraw-plugin/styles.css,,,,f57c1d2e6d380eef466e017d3939eda68d2e6846f543c932f8ca572434b5ffe0
.obsidian/plugins/obsidian-excalidraw-plugin/manifest.json,,,,eb49399dff5fcd5cdd874721c4fe83f2253ed60d680148928f4f26028aaca60f
.obsidian/plugins/table-editor-obsidian/main.js,,sop;process,process;sop,ba67b53d505bee823e357c74a36059ad97dabfea3c3d6a09474b8878e7b9d126
.obsidian/plugins/table-editor-obsidian/data.json,,,,6525d5e0734cc16cc753d3cddc9e2385890506c462ca33b48cc24ce804587b7a
.obsidian/plugins/table-editor-obsidian/styles.css,,,,c47e8c5e66e6bc76c05ba608135ad7beb8577c102ad47fc6d0ba553e7dcd81af
.obsidian/plugins/table-editor-obsidian/manifest.json,,,,63fe4aa89f17b846ad7f3985212cbf2be3f5043991d122ff45578921295f628c
.obsidian/plugins/obsidian-annotator/main.js,,protocol;sop;process,process;protocol;sop,b57a37a778c4c3120e4b7d59eaf90095eaba5aaa7bdf12bdbfb684bce27d6121
.obsidian/plugins/obsidian-annotator/manifest.json,,,,920b2e6cda006d025386b0a07ac1afe80e817cbdac8cea4ddec10a5f90c6d9b3
; SYSTEM•MAP ; SM•01 ;/; SYSTEM•MAP ; SM•01 ;.md,,,,6c33b3e6db4efb59a0728995a5403268b5cdf89465835813ebedbef926415664
TAGs ; TA•01 ;/TAGs ; TA•01 ;.md,,,,10cca906061100bea834a9fa890ef8f6d1ab6ccdd48130eac61331e880c16e43
.trash/Untitled 2.md,,protocol;naming,naming;protocol,7a4d7dee61e610daacd3db934bd625c927111a42a93725a29671ebf63e510b0f
.trash/Untitled.md,,,,e3b0c44298fc1c149afbf4c8996fb92427ae41e4649b934ca495991b7852b855
.trash/][ {1S====ST3M[M4P]} ][.md,,,,f4847414419054fd34a25c6b1eec51a1e3b587f0b4766dff34ce0af32eec8e38
.trash/Screenshot 2025-05-04 at 6.06.34 PM.png,,,,47cb89305671718e79b21fd252cf35557c814b48cac0a655a68493d937d8d2db
.trash/4_S0VRC3.md,,,,11b86940998048645182a5052d282a85cedd0003b4def7b586db2f3355684d04
.trash/Untitled 2 2.md,,,,e3b0c44298fc1c149afbf4c8996fb92427ae41e4649b934ca495991b7852b855
.trash/][T3MPl4T3[+][.md,,,,e153fca09b3715229308c4afe529e82d13d8a4c23039a6db8e07ee60ef3eecff
.trash/] [    ] [  T3MPl4T3(+)  ] [    ] [.md,,,,646631498cc6f9b451dd298d16518088775c663ee4510d7bc7c517fd3596bcfe
.trash/Vault.md,,,,e3b0c44298fc1c149afbf4c8996fb92427ae41e4649b934ca495991b7852b855
.trash/ 4RK.L1V .... .. . .. .... RK01 .md,,,,6bd404aa86e3c4fbc94293a3526a8629aba6a7567f2c8f7fd26e87cfa3478f7f
.trash/4_S0VRC3 2.md,,,,fe9765f7bd19837becedda595adfff97950c7f830d24797af0e9a3b93a8b5141
.trash/ARCHIVAL_ST4CK_PROJECTS.md,,sop,sop,81eb7ea659041ab4b364ea1846d04a74c6541cf9892b3c70ed5b33d9eb668bae
.trash/Untitled 6.md,,,,da19d2a7d589ba9c1ccb011928fd0ceac7d6b114e3304a6607de957c665f8a8d
.trash/Untitled 4.md,,sop,sop,86beda6c730ab259caa535baa7caf25fbd04c23dd6239ee15107901848be696c
.trash/Untitled 5.md,,,,da19d2a7d589ba9c1ccb011928fd0ceac7d6b114e3304a6607de957c665f8a8d
.trash/TEMPLATE.md,,,,9e92a8e58384e358c33e42ee075f1f2f3bde9c42245c92ab0ffa6a39c35afe63
.trash/Welcome.md,,,,ecd0dfb6b21143ff52cfe36f93636df57e5b21773c101491b86f10ce17556ca8
.trash/Untitled 1.md,,,,e3b0c44298fc1c149afbf4c8996fb92427ae41e4649b934ca495991b7852b855
.trash/SYST3M__M4P.md,,,,c9e1c6c5b7a88f313f2d9f6c3d97a9b0ac2d6870a8200a982001a0de84c8c4b1
.trash/Merge Project Folders.md,,protocol;sop;naming;process,naming;process;protocol;sop,c70ca01b265054e9a8e360027ea0377f656147f50dee5d0c9b97e155a4fc3f5c
.trash/Untitled 3.md,,,,e3b0c44298fc1c149afbf4c8996fb92427ae41e4649b934ca495991b7852b855
.trash/ajp/ajp.md,,,,e3b0c44298fc1c149afbf4c8996fb92427ae41e4649b934ca495991b7852b855
.trash/ajp/.space/def.json,,,,269670d501613875e984952add47446c9bc49bd57d73bbac2352cd2e15477026
.trash/1S ..ST3M[M4P ]  [/....1S ..ST3M[M4P ]  [.md,,,,c9e1c6c5b7a88f313f2d9f6c3d97a9b0ac2d6870a8200a982001a0de84c8c4b1
.trash/1S ..ST3M[M4P ]  [/.space/context.mdb,,,,71983dfa11c5e727d182145e3a9d6826889b6d467e85758286cb6f6c1a550948
.trash/1S ..ST3M[M4P ]  [/.space/def.json,,,,269670d501613875e984952add47446c9bc49bd57d73bbac2352cd2e15477026
.trash/R3..G3..[0 _  S    ]  [/RE-GE_ORG_BODY_15_AUDIENCE_ENGINE.md,,protocol,protocol,f588b9ce7ce4c1fdc8db162d832b3c7e368953cc3f991cd266d37a8e5d58cf8d
.trash/R3..G3..[0 _  S    ]  [/RE-GE_ORG_BODY_08_SOUL_PATCHBAY.md,,,,688a962dab37fce53767691ab242e31f8282c16954985055744adea5136e09a7
.trash/R3..G3..[0 _  S    ]  [/RE-GE_ORG_BODY_13_BLOCKCHAIN_ECONOMY.md,,,,dd17d41f5fff85ade86583662db3003d8a5607bd4219eb3fe55d2aef0d55ab6a
.trash/R3..G3..[0 _  S    ]  [/RE-GE_ORG_BODY_11_MASK_ENGINE.md,,,,2eebdf493e95f58cf3d0b8ae2a150ce8a7fa8e2c289f7d316fe26fe005cde6e1
.trash/R3..G3..[0 _  S    ]  [/AAW_CORE_09 — INTERLOCUTOR PROTOCOLS.md,protocol,protocol,,848da0cb74118b5d7cc44a1684926298c1f16388672ba53b791cbffdf8905d6b
.trash/R3..G3..[0 _  S    ]  [/RE-GE_ORG_BODY_06_CODE_FORGE.md,,process,process,027bcd58a00207345bd78f901edf981e27802a63394724596e3fbb6f2b631960
.trash/R3..G3..[0 _  S    ]  [/RE-GE_ORG_BODY_01_HEART_OF_CANON.md,,naming;process,naming;process,deb429ff0c205a9ca623b798b03eb8d26c1ca21636db408a50b8715ddf400960
.trash/R3..G3..[0 _  S    ]  [/RE-GE_ORG_BODY_14_PROCESS_MONETIZER.md,process,protocol;process,protocol,4090f1bdcccb236c66c162983cc5f9d7ac18d62b020983f1417d20ee18eba7b2
.trash/R3..G3..[0 _  S    ]  [/RE-GE_ORG_BODY_07_BLOOM_ENGINE.md,,,,d5d4399176627df0127c6d6698642bd5f4b532679928104dced82584330e9f77
.trash/R3..G3..[0 _  S    ]  [/RE-GE_ORG_BODY_12_CHAMBER_OF_COMMERCE.md,,protocol;process,process;protocol,f307b29f662ebf7c5fe8f26ce40389c860c527fb4c44622a4681e75cf7e39f01
.trash/R3..G3..[0 _  S    ]  [/RE-GE_OS_INTERFACE_01_RITUAL_ACCESS_CO.md,,,,2fa2a0ae6582ff29c54eb99e3c84b2b8f0443ba44bcf1b754b16fe2783534614
.trash/R3..G3..[0 _  S    ]  [/RE-GE_ORG_BODY_22_PUBLISHING_TEMPLE.md,,process,process,80cbb4370d826105c2da8b3ffec947d1340e5d949d8fe71e99062081c74755db
.trash/R3..G3..[0 _  S    ]  [/AAW_CORE_11 — FAILURE STUDY CHAMBER.md,,protocol;naming,naming;protocol,71c2e08c396580926d7032a683ab8739303fd4447ca11e6c931afe4ad8cae47d
.trash/R3..G3..[0 _  S    ]  [/AAW_CORE_12 — MYTHICAL CITATION SYSTEM.md,,protocol;naming,naming;protocol,a7ab6d954d267c9b9edc0147564a105098ea9144f397c44eba8691f3f3fca227
.trash/R3..G3..[0 _  S    ]  [/RE-GE_RECURSIVE_SYSTEM_RENDER_LINKMAP.md,,protocol,protocol,76e3fdea6f66510749e0984984fbe0d9458d18f26cb13048db52e3ea7c3416e2
.trash/R3..G3..[0 _  S    ]  [/RE-GE_ORG_BODY_00_ACADEMIA_WING_PROTOCOL.md,protocol,protocol;sop;naming;process,naming;process;sop,9210764422c0adc923b9fb2136fb85c3c2dffd7ca94bca2d3e11e444d01dc674
.trash/R3..G3..[0 _  S    ]  [/RE-GE_ORG_BODY_19_PROCESS_PRODUCT_CONV.md,process,protocol;process,protocol,3877e70366f3d56e092537faa14f43592548928339c7668861264ab33da59132
.trash/R3..G3..[0 _  S    ]  [/RE-GE_ORG_BODY_04_ARCHIVE_ORDER.md,,,,83c44928b5b3d3a47b4e4904ea2442743931b660777b6a7f52912325f12ed0d3
.trash/R3..G3..[0 _  S    ]  [/RE-GE_ORG_BODY_18_ANALOG_DIGITAL_ENGIN.md,,protocol;process,process;protocol,4e8c2d0658a94b95b660b586ae9fe9ae5e46c0cbf2174cb74d92d8c699245ad8
.trash/R3..G3..[0 _  S    ]  [/RE-GE_ORG_BODY_03_MYTHIC_SENATE.md,,protocol;sop;process,process;protocol;sop,8b1afcdf7e65e7e6044940501acc673649bf43d94eb57c89bc2ffaa0c42b54a8
.trash/R3..G3..[0 _  S    ]  [/RE-GE_ORG_BODY_20_CONSUMPTION_PROTOCOL.md,protocol,protocol;process,process,a1f5937b336e24c51912f4336763731efda6c40d18f30c41a073c7fc9c29ff0d
.trash/R3..G3..[0 _  S    ]  [/RE-GE_ORG_BODY_02_MIRROR_CABINET.md,,protocol;process,process;protocol,72a3910306a31fdbd14c0f4d44450611bf5e0cf2ade15e06168c2df6da66ec8d
.trash/R3..G3..[0 _  S    ]  [/RE-GE_ORG_BODY_16_PLACE_PROTOCOLS.md,protocol,protocol,,dffb1d9d9f5b1465412d2cbe7259b17702766b53f193979393af79f2bb52c337
.trash/R3..G3..[0 _  S    ]  [/RE-GE_ORG_BODY_10_DREAM_COUNCIL.md,,naming;process,naming;process,4564d8bef229eeb5afe3786cf3275ab148877fae170b75c53fd114c0f40134fd
.trash/R3..G3..[0 _  S    ]  [/....R3..G3..[0 _  S    ]  [.md,,,,61a1f62eaf788da6340ffc1e695eabe87ecbd6927c0cede9c72b942c2bb767a0
.trash/R3..G3..[0 _  S    ]  [/RE-GE_ORG_BODY_09_ECHO_SHELL.md,,process,process,f0d526fa50d6e1440a4fb1d088b5657675b65c6f7d9accf4bda5560f4854f71e
.trash/R3..G3..[0 _  S    ]  [/RE-GE_4NTHOLOGY_INIT.v1.0.md,,protocol;naming;process,naming;process;protocol,9059ec8448f507bb2f8b6aafc69cd60d2996cd38eb10d980f8443f39f04095eb
.trash/R3..G3..[0 _  S    ]  [/AAW_CORE_10 — GENEALOGY ENGINE.md,,protocol,protocol,9d790337408b2ec216a17b8cd64b22feb583e109202443fd02e6c6acb06adced
.trash/R3..G3..[0 _  S    ]  [/AAW_CORE_08 — CANONIZATION ENGINE.md,,protocol;sop,protocol;sop,92d8cf9e86efc3144aaf964b3cba7e8d5048aa82bbc99d6984294f9c47d3069b
.trash/R3..G3..[0 _  S    ]  [/RE-GE_ORG_BODY_17_TIME_RULES_ENGINE.md,,,,eea6d627e60ae778ab4c77c61b30a284587af6413bff560312e65def75eb0c79
.trash/R3..G3..[0 _  S    ]  [/RE-GE_ORG_BODY_21_STAGECRAFT_MODULE.md,,,,4ca3d88fcc384dcd7e11367bf81d83f80a59929e855983ca63e966953834382a
.trash/R3..G3..[0 _  S    ]  [/RE-GE_ORG_BODY_05_RITUAL_COURT.md,,sop;process,process;sop,0fc2ab31038afc20d01726b1584ce13eed097c59f9dd3df40e3c2b79953cf698
.trash/R3..G3..[0 _  S    ]  [/.space/context.mdb,,protocol;process,process;protocol,b3a3d9381721e55d499088b226b3a5e4a62e5224196db61d70cb918422416c4c
.trash/R3..G3..[0 _  S    ]  [/.space/def.json,,,,269670d501613875e984952add47446c9bc49bd57d73bbac2352cd2e15477026
.trash/1S .... ST3M[ M4P ]/1S .... ST3M[ M4P ].md,,,,c9e1c6c5b7a88f313f2d9f6c3d97a9b0ac2d6870a8200a982001a0de84c8c4b1
.trash/][ {1S====ST3M[M4P]} ][/][ {1S====ST3M[M4P]} ][.md,,,,f4847414419054fd34a25c6b1eec51a1e3b587f0b4766dff34ce0af32eec8e38
.trash/][ {1S====ST3M[M4P]} ][/.space/context.mdb,,,,ee7d6080972735c1a7dfd3906f84d1f7d569eccff1cba98b3a9888f7d7a5d005
.trash/][ {@T4G(+)} ][/][ {@T4G(+)} ][.md,,,,10cca906061100bea834a9fa890ef8f6d1ab6ccdd48130eac61331e880c16e43
.trash/][ {@T4G(+)} ][/.space/context.mdb,,,,b0691f3446a5075536a4b5426b6d78c1eb28ea3f3cf21c74e89310619e2ab7db
.trash/][ {@T4G(+)} ][/.space/def.json,,,,269670d501613875e984952add47446c9bc49bd57d73bbac2352cd2e15477026
".trash/1S.ST3M.M4P .... .. . .. .... SM01/1S.ST3M.M4P ’, ’ ’, , ’, SM01.md",,,,e37453e3cceff907659f59f91888d66277a1d0d890cdca525d23628fe432d5fa
Users/anthonyjamespadavano/Documents/4_S0VRCE/.space/waypoints.json,,,,f5a3e67a6ebae1dbcff0f8593d86c9e871fca4032501140a8bfdcefa6de5436c
Users/anthonyjamespadavano/Documents/4_S0VRCE/.space/def.json,,,,8f38bf0ccee629b4eae3e0b780530398c2ff12e8f7caa17ec9581511c39b53e8
; TEMPLATEs ; TP•01 ;/; NOTE•TEMPLATE ; PF•BB ;.md,,,,f3e31db18a7236b35811011d2d16826f92827656ff385a165df9eacda576ad8b
; TEMPLATEs ; TP•01 ;/; TEMPLATEs ; TP•01 ;.md,,,,35c978ee92d78798249c6bf944e932fbb9fd03d79ce07eec2a53532b57d501d4
